,playerName,2019/20,2019/20(*),2020/21,2020/21(*),2021/22,2021/22(*),2022/23,2022/23(*),2023/24,2023/24(*)
0,Stephen Curry,"$40,231,758","$49,346,703","$43,006,362","$52,411,485","$45,780,966","$52,938,707","$48,070,014","$50,968,059","$51,915,615","$53,458,234"
1,Russell Westbrook,"$38,506,482","$47,230,546","$41,358,814","$50,403,633","$44,211,146","$51,123,449","$47,080,179","$49,918,548","$3,835,738","$3,949,713"
2,Chris Paul,"$38,506,482","$47,230,546","$41,358,814","$50,403,633","$30,800,000","$35,615,504","$28,400,000","$30,112,179","$30,800,000","$31,715,190"
3,James Harden,"$38,199,000","$46,853,401","$41,254,920","$50,277,018","$44,310,840","$51,238,730","$33,000,000","$34,989,504","$35,680,595","$36,740,807"
4,John Wall,"$38,199,000","$46,853,401","$41,254,920","$50,277,018","$44,310,840","$51,238,730","$47,345,760","$50,200,141",,
5,LeBron James,"$37,436,858","$45,918,587","$39,219,566","$47,796,549","$41,180,544","$47,619,020","$44,474,988","$47,156,296","$47,607,350","$49,021,953"
6,Kevin Durant,"$37,199,000","$45,626,840","$40,108,950","$48,880,434","$42,018,900","$48,588,451","$44,119,845","$46,779,742","$47,649,433","$49,065,286"
7,Blake Griffin,"$34,449,964","$42,254,980","$33,900,241","$41,313,933","$32,405,817","$37,472,385","$2,905,851","$3,081,038",,
8,Kyle Lowry,"$33,296,296","$40,839,936","$30,500,000","$37,170,089","$26,984,128","$31,203,029","$28,333,334","$30,041,494","$29,682,540","$30,564,525"
9,Paul George,"$33,005,556","$40,483,325","$35,450,412","$43,203,114","$39,344,970","$45,496,459","$42,492,492","$45,054,279","$45,640,084","$46,996,232"
10,Kemba Walker,"$32,742,000","$40,160,058","$34,379,100","$41,897,515","$34,967,442","$40,434,514","$37,281,261","$39,528,872",,
11,Klay Thompson,"$32,742,000","$40,160,058","$35,361,360","$43,094,587","$37,980,720","$43,918,911","$40,600,080","$43,047,777","$43,219,440","$44,503,661"
12,Kawhi Leonard,"$32,742,000","$40,160,058","$34,379,100","$41,897,515","$39,344,900","$45,496,378","$42,492,492","$45,054,279","$45,640,084","$46,996,232"
13,Jimmy Butler,"$32,742,000","$40,160,058","$34,379,100","$41,897,515","$36,016,200","$41,647,244","$37,653,300","$39,923,342","$45,183,960","$46,526,554"
14,Tobias Harris,"$32,742,000","$40,160,058","$34,358,850","$41,872,836","$35,995,950","$41,623,828","$37,633,050","$39,901,871","$39,270,150","$40,437,022"
15,Gordon Hayward,"$32,700,690","$40,109,389","$28,500,000","$34,732,706","$29,925,000","$34,603,699","$30,075,000","$31,888,161","$33,319,397","$34,309,448"
16,Mike Conley,"$32,511,623","$39,877,487","$34,502,132","$42,047,453","$21,000,000","$24,283,298","$22,680,000","$24,047,332","$24,360,000","$25,083,832"
17,Kyrie Irving,"$31,742,000","$38,933,497","$33,722,850","$41,097,748","$35,328,700","$40,852,255","$38,917,057","$41,263,288","$38,037,037","$39,167,268"
18,Khris Middleton,"$30,603,448","$37,536,994","$33,051,724","$40,279,853","$35,500,000","$41,050,337","$37,984,276","$40,274,272","$29,320,988","$30,192,230"
19,Paul Millsap,"$30,350,000","$37,226,124","$10,100,000","$12,308,783","$2,641,691","$3,054,712",,,,
20,Damian Lillard,"$29,802,321","$36,554,362","$31,626,953","$38,543,497","$39,344,900","$45,496,378","$42,492,492","$45,054,279","$45,640,084","$46,996,232"
21,Kevin Love,"$28,942,830","$35,500,144","$31,258,256","$38,094,169","$31,258,256","$36,145,407","$30,556,968","$32,399,186","$3,835,738","$3,949,713"
22,Nikola Vucevic,"$28,000,000","$34,343,706","$26,000,000","$31,685,977","$24,000,000","$27,752,340","$22,000,000","$23,326,336","$18,518,519","$19,068,777"
23,Al Horford,"$28,000,000","$34,343,706","$27,500,000","$33,514,014","$27,000,000","$31,221,383","$26,500,000","$28,097,632","$10,000,000","$10,297,139"
24,DeMar DeRozan,"$27,739,975","$34,024,769","$27,739,975","$33,806,470","$26,000,000","$30,065,035","$27,300,000","$28,945,862","$28,600,000","$29,449,819"
25,CJ McCollum,"$27,556,959","$33,800,289","$29,354,152","$35,773,654","$30,864,198","$35,689,739","$33,333,333","$35,342,933","$35,802,469","$36,866,302"
26,Nikola Jokic,"$27,504,630","$33,736,104","$29,542,010","$36,002,595","$31,044,906","$35,898,700","$33,047,803","$35,040,189","$47,607,350","$49,021,953"
27,Andrew Wiggins,"$27,504,630","$33,736,104","$29,542,010","$36,002,595","$31,579,390","$36,516,749","$33,616,770","$35,643,458","$24,330,357","$25,053,308"
28,Joel Embiid,"$27,504,630","$33,736,104","$29,542,010","$36,002,595","$31,579,390","$36,516,749","$33,616,770","$35,643,458","$47,607,350","$49,021,953"
29,Kristaps Porzingis,"$27,285,000","$33,466,715","$29,467,800","$35,912,155","$31,650,600","$36,599,093","$33,833,400","$35,873,148","$36,016,200","$37,086,384"
30,Karl-Anthony Towns,"$27,285,000","$33,466,715","$29,467,800","$35,912,155","$31,650,600","$36,599,093","$33,833,400","$35,873,148","$36,016,200","$37,086,384"
31,D'Angelo Russell,"$27,285,000","$33,466,715","$28,649,250","$34,914,596","$30,013,500","$34,706,036","$31,377,750","$33,269,452","$17,307,693","$17,821,973"
32,Devin Booker,"$27,285,000","$33,466,715","$29,467,800","$35,912,155","$31,650,600","$36,599,093","$33,833,400","$35,873,148","$36,016,200","$37,086,384"
33,Otto Porter,"$27,250,576","$33,424,492","$28,489,239","$34,719,592","$2,389,641","$2,763,255","$6,000,000","$6,361,728","$6,300,000","$6,487,198"
34,Anthony Davis,"$27,093,019","$33,231,238","$32,742,000","$39,902,395","$35,361,360","$40,890,021","$37,980,720","$40,270,501","$40,600,080","$41,806,469"
35,Andre Drummond,"$27,093,018","$33,231,237","$28,751,774","$35,039,540","$2,401,537","$2,777,011","$3,200,000","$3,392,921","$3,360,000","$3,459,838"
36,Hassan Whiteside,"$27,093,018","$33,231,237","$2,320,044","$2,827,417","$2,401,537","$2,777,011",,,,
37,Bradley Beal,"$27,093,018","$33,231,237","$28,751,774","$35,039,541","$33,724,200","$38,996,895","$43,279,250","$45,888,469","$46,741,590","$48,130,468"
38,Jrue Holiday,"$26,131,111","$32,051,400","$27,026,011","$32,936,368","$31,171,333","$36,044,894","$34,319,520","$36,388,575","$37,620,347","$38,738,196"
39,LaMarcus Aldridge,"$26,000,000","$31,890,584","$17,628,340","$21,483,506","$2,641,691","$3,054,712",,,,
40,Giannis Antetokounmpo,"$25,842,697","$31,697,642","$27,528,088","$33,548,245","$39,344,900","$45,496,378","$42,492,492","$45,054,279","$45,640,084","$46,996,232"
41,Steven Adams,"$25,842,697","$31,697,642","$29,592,695","$36,064,364","$17,073,171","$19,742,519","$17,926,829","$19,007,601","$12,600,000","$12,974,396"
42,Marc Gasol,"$25,595,700","$31,394,685","$2,564,753","$3,125,642","$2,692,991","$3,114,033",,,,
43,Nicolas Batum,"$25,565,217","$31,357,296","$11,608,231","$14,146,851","$12,026,998","$13,907,389","$19,700,319","$20,888,011","$11,710,818","$12,058,792"
44,Rudy Gobert,"$25,258,427","$30,981,000","$27,525,281","$33,544,824","$35,344,828","$40,870,904","$38,172,414","$40,473,752","$41,000,000","$42,218,272"
45,Chandler Parsons,"$25,102,512","$30,789,760",,,,,,,,
46,Harrison Barnes,"$24,147,727","$29,618,658","$22,215,909","$27,074,338","$20,284,091","$23,455,458","$18,352,273","$19,458,694","$17,000,000","$17,505,137"
47,Serge Ibaka,"$23,271,604","$28,544,040","$9,258,000","$11,282,645","$9,720,900","$11,240,738","$2,905,851","$3,081,038",,
48,Danilo Gallinari,"$22,615,559","$27,739,361","$19,500,000","$23,764,483","$20,475,000","$23,676,215","$19,479,000","$20,653,350","$7,850,062","$8,083,317"
49,Victor Oladipo,"$21,000,000","$25,757,779","$21,000,000","$25,592,520","$2,389,641","$2,763,255","$8,750,000","$9,277,520","$9,450,000","$9,730,797"
50,Tim Hardaway Jr,"$20,025,127","$24,562,038","$18,975,000","$23,124,670","$21,306,816","$24,638,084","$19,602,273","$20,784,054","$17,897,728","$18,429,540"
51,Malcolm Brogdon,"$20,000,000","$24,531,218","$20,700,000","$25,226,913","$21,700,000","$25,092,741","$22,600,000","$23,962,508","$22,500,000","$23,168,564"
52,Terry Rozier,"$19,894,737","$24,402,107","$18,900,000","$23,033,268","$17,905,263","$20,704,706","$21,486,316","$22,781,683","$23,205,221","$23,894,740"
53,Aaron Gordon,"$19,863,636","$24,363,960","$18,136,364","$22,102,631","$16,409,091","$18,974,611","$20,690,909","$21,938,322","$21,266,182","$21,898,084"
54,Zach LaVine,"$19,500,000","$23,917,938","$19,500,000","$23,764,483","$19,500,000","$22,548,776","$37,096,500","$39,332,974","$40,064,220","$41,254,687"
55,Kent Bazemore,"$19,269,663","$23,635,416","$2,320,044","$2,827,417","$2,401,537","$2,777,011",,,,
56,Goran Dragic,"$19,217,900","$23,571,925","$18,000,000","$21,936,446","$19,348,907","$22,374,060","$3,523,762","$3,736,201",,
57,Jeff Teague,"$19,000,000","$23,304,657","$3,372,826","$4,110,433",,,,,,
58,Evan Turner,"$18,606,556","$22,822,074",,,,,,,,
59,Tristan Thompson,"$18,539,130","$22,739,372","$9,258,000","$11,282,645","$9,946,611","$11,501,738","$16,700","$17,706","$3,196,448","$3,291,427"
60,Draymond Green,"$18,539,130","$22,739,372","$22,246,956","$27,112,175","$24,026,712","$27,783,229","$25,806,468","$27,362,288","$22,321,429","$22,984,687"
61,Gary Harris,"$18,189,286","$22,310,267","$19,610,714","$23,899,409","$20,932,143","$24,204,831","$13,000,000","$13,783,744","$13,000,000","$13,386,281"
62,Myles Turner,"$18,000,000","$22,078,097","$18,000,000","$21,936,446","$18,000,000","$20,814,255","$35,096,500","$37,212,398","$20,975,000","$21,598,250"
63,Julius Randle,"$18,000,000","$22,078,097","$19,845,000","$24,184,931","$19,800,000","$22,895,681","$23,760,000","$25,192,443","$26,943,840","$27,744,448"
64,Derrick Favors,"$17,650,000","$21,648,800","$9,258,000","$11,282,645","$9,720,900","$11,240,738","$10,350,803","$10,974,832",,
65,Andre Iguodala,"$17,185,185","$21,078,676","$15,000,000","$18,280,371","$2,641,691","$3,054,712","$2,905,851","$3,081,038",,
66,Evan Fournier,"$17,150,000","$21,035,520","$17,150,000","$20,900,558","$17,142,857","$19,823,100","$18,000,000","$19,085,184","$18,857,143","$19,417,463"
67,Bismack Biyombo,"$17,000,000","$20,851,536","$3,500,000","$4,265,420","$1,518,213","$1,755,581","$2,905,851","$3,081,038","$6,194,075","$6,378,124"
68,Bojan Bogdanovic,"$17,000,000","$20,851,536","$17,850,000","$21,753,642","$18,700,000","$21,623,698","$19,550,000","$20,728,630","$20,000,000","$20,594,279"
69,Clint Capela,"$16,896,552","$20,724,650","$18,000,000","$21,936,446","$17,603,448","$20,355,703","$18,206,896","$19,304,553","$20,616,000","$21,228,583"
70,Gorgui Dieng,"$16,229,213","$19,906,118","$17,587,688","$21,433,964","$4,000,000","$4,625,390","$4,105,236","$4,352,732",,
71,Ricky Rubio,"$16,200,000","$19,870,287","$17,000,000","$20,717,754","$17,800,000","$20,582,986","$5,853,659","$6,206,564","$3,722,327","$3,832,932"
72,Jonas Valanciunas,"$16,000,000","$19,624,975","$15,000,000","$18,280,371","$14,000,000","$16,188,865","$14,700,000","$15,586,233","$15,435,000","$15,893,635"
73,Brandon Knight,"$15,643,750","$19,188,012",,,"$274,672","$317,616",,,,
74,Eric Bledsoe,"$15,625,000","$19,165,014","$16,875,000","$20,565,418","$18,125,000","$20,958,799","$1,300,000","$1,378,374","$1,300,000","$1,338,628"
75,Kelly Oubre,"$15,625,000","$19,165,014","$14,375,000","$17,518,689","$12,000,000","$13,876,170","$12,600,000","$13,359,628","$2,891,467","$2,977,383"
76,Dennis Schroeder,"$15,500,000","$19,011,694","$15,500,000","$18,889,717","$5,890,000","$6,810,886","$2,641,682","$2,800,943","$12,405,000","$12,773,601"
77,Ian Mahinmi,"$15,450,051","$18,950,429",,,,,,,,
78,James Johnson,"$15,349,400","$18,826,974","$16,047,100","$19,556,463","$2,641,691","$3,054,712","$3,841,067","$4,072,637","$3,839,412","$3,953,496"
79,Marcus Morris,"$15,000,000","$18,398,414","$14,883,721","$18,138,663","$15,627,907","$18,071,291","$16,372,093","$17,359,133","$17,612,280","$18,135,610"
80,Bobby Portis,"$15,000,000","$18,398,414","$3,623,000","$4,415,319","$4,347,600","$5,027,336","$10,843,350","$11,497,073","$11,710,818","$12,058,792"
81,Danny Green,"$14,634,147","$17,949,673","$15,365,853","$18,726,233","$10,000,000","$11,563,475","$11,710,528","$12,416,532","$202,074","$208,078"
82,Rudy Gay,"$14,500,000","$17,785,133","$14,500,000","$17,671,026","$5,890,000","$6,810,886","$6,184,500","$6,557,351","$6,479,000","$6,671,516"
83,Cody Zeller,"$14,471,910","$17,750,679","$15,415,730","$18,787,018","$2,389,641","$2,763,255","$743,922","$788,771","$3,196,448","$3,291,427"
84,Eric Gordon,"$14,057,730","$17,242,662","$16,869,267","$20,558,431","$18,218,818","$21,067,285","$19,568,360","$20,748,097","$3,196,448","$3,291,427"
85,Mason Plumlee,"$14,041,096","$17,222,259","$8,000,000","$9,749,531","$9,248,333","$10,694,287","$9,080,417","$9,627,857","$5,000,000","$5,148,569"
86,JJ Redick,"$13,486,300","$16,541,768","$13,013,700","$15,859,684",,,,,,
87,Jordan Clarkson,"$13,437,500","$16,481,912","$11,500,000","$14,014,951","$12,420,000","$14,361,836","$13,340,000","$14,144,242","$23,487,629","$24,185,539"
88,Dewayne Dedmon,"$13,333,334","$16,354,146","$3,447,478","$4,201,411","$5,256,308","$6,078,118","$8,283,688","$8,783,094","$2,748,674","$2,830,348"
89,Solomon Hill,"$13,290,395","$16,301,479","$2,174,318","$2,649,822","$2,389,641","$2,763,255",,,,
90,Justise Winslow,"$13,000,000","$15,945,292","$13,000,000","$15,842,988","$3,902,439","$4,512,575","$4,097,561","$4,344,594","$166,176","$171,113"
91,Thaddeus Young,"$12,900,000","$15,822,636","$13,545,000","$16,507,175","$14,190,000","$16,408,571","$8,000,000","$8,482,304","$9,010,371","$9,278,104"
92,Will Barton,"$12,776,786","$15,671,506","$13,723,214","$16,724,363","$15,625,000","$18,067,930","$15,059,712","$15,967,631",,
93,Courtney Lee,"$12,759,670","$15,650,512",,,,,,,,
94,Larry Nance Jr,"$12,727,273","$15,610,775","$11,709,091","$14,269,769","$10,690,909","$12,362,406","$9,672,727","$10,255,876","$10,375,000","$10,683,282"
95,Patrick Mills,"$12,678,571","$15,551,040","$13,535,714","$16,495,858","$5,890,000","$6,810,886","$6,479,000","$6,869,606","$7,537,766","$7,761,742"
96,Kelly Olynyk,"$12,667,885","$15,537,932","$12,819,650","$15,623,197","$12,195,122","$14,101,799","$12,804,878","$13,576,858","$12,195,122","$12,557,487"
97,Marcus Smart,"$12,553,571","$15,397,719","$12,946,428","$15,777,701","$13,839,285","$16,003,023","$17,207,142","$18,244,526","$18,583,713","$19,135,908"
98,Terrence Ross,"$12,500,000","$15,332,011","$13,500,000","$16,452,334","$12,500,000","$14,454,344","$11,500,000","$12,193,311",,
99,Patrick Beverley,"$12,345,680","$15,142,728","$13,333,333","$16,249,218","$14,320,987","$16,560,038","$13,801,614","$14,633,685","$3,196,448","$3,291,427"
100,Trevor Ariza,"$12,200,000","$14,964,043","$12,800,000","$15,599,250","$2,641,691","$3,054,712",,,,
101,Brook Lopez,"$12,093,024","$14,832,830","$12,697,675","$15,474,547","$13,302,325","$15,382,110","$13,906,976","$14,745,399","$25,000,000","$25,742,849"
102,Jusuf Nurkic,"$12,000,000","$14,718,731","$12,888,889","$15,707,578","$12,000,000","$13,876,170","$15,625,000","$16,567,000","$16,875,000","$17,376,423"
103,Cory Joseph,"$12,000,000","$14,718,731","$12,600,000","$15,355,512","$7,310,000","$8,452,900","$5,155,500","$5,466,314","$3,196,448","$3,291,427"
104,Joe Ingles,"$11,454,546","$14,049,698","$10,363,637","$12,630,075","$13,036,364","$15,074,567","$6,479,000","$6,869,606","$11,000,000","$11,326,853"
105,Tony Snell,"$11,392,857","$13,974,033","$12,178,571","$14,841,920","$2,389,641","$2,763,255",,,,
106,Robert Covington,"$11,301,219","$13,861,633","$12,138,345","$14,792,897","$12,975,471","$15,004,153","$12,307,692","$13,049,698","$11,692,308","$12,039,732"
107,Meyers Leonard,"$11,286,515","$13,843,598","$9,400,000","$11,455,699",,,"$713,558","$756,576",,
108,TJ Warren,"$11,060,000","$13,565,764","$12,000,000","$14,624,297","$12,940,000","$14,963,137","$2,628,597","$2,787,069","$649,659","$668,962"
109,Moe Harkless,"$11,011,234","$13,505,949","$3,623,000","$4,415,319","$4,347,600","$5,027,336","$4,564,980","$4,840,193",,
110,Andre Roberson,"$10,740,740","$13,174,172","$411,639","$501,660",,,,,,
111,Spencer Dinwiddie,"$10,605,600","$13,008,414","$11,454,048","$13,958,950","$19,314,284","$22,334,024","$19,500,000","$20,675,616","$20,411,797","$21,018,311"
112,Jeremy Lamb,"$10,500,000","$12,878,889","$10,500,000","$12,796,260","$10,500,000","$12,141,649",,,,
113,Dwight Powell,"$10,259,375","$12,583,748","$11,080,125","$13,503,253","$11,080,125","$12,812,475","$11,080,125","$11,748,123","$4,000,000","$4,118,855"
114,George Hill,"$10,133,907","$12,429,854","$9,590,602","$11,687,984","$5,275,491","$6,100,300","$4,000,000","$4,241,152",,
115,Josh Richardson,"$10,116,576","$12,408,597","$10,865,952","$13,242,242","$11,615,328","$13,431,355","$12,196,094","$12,931,372","$2,891,467","$2,977,383"
116,Norman Powell,"$10,116,576","$12,408,597","$10,865,952","$13,242,242","$15,517,242","$17,943,324","$16,758,621","$17,768,964","$18,000,000","$18,534,851"
117,Tyus Jones,"$10,116,000","$12,407,890","$8,817,143","$10,745,376","$8,376,286","$9,685,897","$15,000,000","$15,904,320","$14,000,000","$14,415,995"
118,Tomas Satoransky,"$10,000,000","$12,265,609","$10,000,000","$12,186,914","$10,000,000","$11,563,475",,,,
119,DeAndre Jordan,"$9,881,598","$12,120,382","$10,375,678","$12,644,750","$11,109,327","$12,846,241","$10,733,758","$11,380,873","$3,196,448","$3,291,427"
120,Zion Williamson,"$9,757,440","$11,968,094","$10,245,480","$12,486,078","$10,733,400","$12,411,540","$13,534,817","$14,350,804","$34,005,250","$35,015,681"
121,Markelle Fultz,"$9,745,200","$11,953,081","$12,288,697","$14,976,129","$16,500,000","$19,079,734","$16,500,000","$17,494,752","$17,000,000","$17,505,137"
122,John Henson,"$9,732,396","$11,937,376","$158,907","$193,658",,,,,,
123,Matthew Dellavedova,"$9,607,500","$11,784,184","$2,174,318","$2,649,822",,,"$2,628,597","$2,787,069",,
124,Dante Exum,"$9,600,000","$11,774,985","$9,600,000","$11,699,437",,,,,"$3,000,000","$3,089,141"
125,Deandre Ayton,"$9,562,920","$11,729,504","$10,018,200","$12,209,094","$12,632,950","$14,608,080","$30,913,750","$32,777,478","$32,459,438","$33,423,936"
126,Delon Wright,"$9,473,684","$11,620,050","$9,000,000","$10,968,223","$8,526,316","$9,859,384","$7,804,878","$8,275,418","$8,195,122","$8,438,631"
127,Jerami Grant,"$9,346,153","$11,463,626","$19,050,000","$23,216,072","$20,002,500","$23,129,841","$20,955,000","$22,218,335","$27,586,207","$28,405,902"
128,Fred VanVleet,"$9,346,153","$11,463,626","$21,250,000","$25,897,193","$19,675,926","$22,752,208","$21,250,000","$22,531,120","$40,806,300","$42,018,817"
129,Al-Farouq Aminu,"$9,258,000","$11,355,501","$9,720,900","$11,846,777","$10,335,621","$11,951,569",,,,
130,Kyle Anderson,"$9,073,050","$11,128,648","$9,505,100","$11,583,784","$9,937,150","$11,490,798","$8,780,488","$9,309,846","$9,219,512","$9,493,460"
131,Taj Gibson,"$9,000,000","$11,039,048","$3,283,684","$4,001,797","$4,910,000","$5,677,666","$2,905,851","$3,081,038","$4,776,302","$4,918,224"
132,Ja Morant,"$8,730,240","$10,708,171","$9,166,800","$11,171,500","$9,603,360","$11,104,821","$12,119,440","$12,850,096","$34,005,250","$35,015,681"
133,Lonzo Ball,"$8,719,320","$10,694,777","$11,003,782","$13,410,215","$18,604,651","$21,513,442","$19,534,884","$20,712,603","$20,465,117","$21,073,216"
134,E'Twaun Moore,"$8,664,928","$10,628,062","$2,331,593","$2,841,492","$2,641,691","$3,054,712",,,,
135,Marvin Bagley,"$8,556,120","$10,494,602","$8,963,640","$10,923,911","$11,312,114","$13,080,735","$12,500,000","$13,253,600","$12,500,000","$12,871,424"
136,Bogdan Bogdanovic,"$8,529,386","$10,461,811","$18,000,000","$21,936,446","$18,000,000","$20,814,255","$18,000,000","$19,085,184","$18,700,000","$19,255,651"
137,PJ Tucker,"$8,349,039","$10,240,605","$7,969,537","$9,712,406","$7,000,000","$8,094,432","$10,490,000","$11,122,421","$11,014,500","$11,341,784"
138,Cristiano Felicio,"$8,156,500","$10,004,444","$7,529,020","$9,175,552",,,,,,
139,Kentavious Caldwell-Pope,"$8,139,282","$9,983,325","$12,073,020","$14,713,286","$13,038,862","$15,077,455","$14,004,703","$14,849,018","$14,704,938","$15,141,880"
140,Ben Simmons,"$8,113,929","$9,952,228","$30,559,200","$37,242,235","$33,003,936","$38,164,020","$35,448,672","$37,585,801","$37,893,408","$39,019,371"
141,Maxi Kleber,"$8,000,000","$9,812,487","$8,475,000","$10,328,410","$8,750,000","$10,118,040","$9,000,000","$9,542,592","$11,000,000","$11,326,853"
142,Louis Williams,"$8,000,000","$9,812,487","$8,000,000","$9,749,531","$5,000,000","$5,781,737",,,,
143,Elfrid Payton,"$8,000,000","$9,812,487","$4,767,000","$5,809,502","$2,239,544","$2,589,691",,,,
144,Wayne Ellington,"$8,000,000","$9,812,487","$3,564,753","$4,344,333","$2,641,691","$3,054,712",,,,
145,Thomas Bryant,"$8,000,000","$9,812,487","$8,333,333","$10,155,761","$8,666,667","$10,021,679","$1,968,175","$2,086,832","$2,528,233","$2,603,356"
146,RJ Barrett,"$7,839,960","$9,616,188","$8,231,760","$10,031,975","$8,623,920","$9,972,248","$10,900,634","$11,557,811","$23,883,929","$24,593,615"
147,Jayson Tatum,"$7,830,000","$9,603,972","$9,897,120","$12,061,535","$28,103,500","$32,497,412","$30,351,780","$32,181,628","$32,600,060","$33,568,737"
148,Jae Crowder,"$7,815,533","$9,586,227","$9,258,000","$11,282,645","$9,720,900","$11,240,738","$10,183,800","$10,797,761","$3,196,448","$3,291,427"
149,Luka Doncic,"$7,683,360","$9,424,109","$8,049,360","$9,809,686","$10,174,391","$11,765,131","$37,096,500","$39,332,974","$40,064,220","$41,254,687"
150,Joe Harris,"$7,666,667","$9,403,634","$16,071,429","$19,586,113","$17,357,143","$20,070,889","$18,642,857","$19,766,797","$19,928,571","$20,520,727"
151,Seth Curry,"$7,461,380","$9,151,837","$7,834,449","$9,547,776","$8,207,518","$9,490,743","$8,496,653","$9,008,899","$4,000,000","$4,118,855"
152,DeMarre Carroll,"$7,339,258","$9,002,046","$6,119,676","$7,457,996","$1,242,340","$1,436,576",,,,
153,Langston Galloway,"$7,333,333","$8,994,779","$2,028,594","$2,472,230","$386,127","$446,496",,,,
154,Doug McDermott,"$7,333,333","$8,994,779","$7,333,333","$8,937,070","$13,750,000","$15,899,778","$13,750,000","$14,578,960","$14,000,000","$14,415,995"
155,Derrick Rose,"$7,317,074","$8,974,837","$7,682,926","$9,363,116","$13,445,120","$15,547,231","$14,520,730","$15,396,155","$3,196,448","$3,291,427"
156,Brandon Ingram,"$7,265,485","$8,911,560","$27,285,000","$33,251,996","$29,467,800","$34,075,017","$31,650,600","$33,558,751","$33,833,400","$34,838,724"
157,Darius Miller,"$7,250,000","$8,892,566","$7,000,000","$8,530,840",,,,,,
158,DJ Augustin,"$7,250,000","$8,892,566","$6,666,667","$8,124,610","$7,622,467","$8,814,220","$633,938","$672,156",,
159,De'Andre Hunter,"$7,068,360","$8,669,774","$7,422,000","$9,045,127","$7,775,400","$8,991,064","$9,835,881","$10,428,866","$20,089,286","$20,686,218"
160,Josh Jackson,"$7,059,480","$8,658,882","$4,767,000","$5,809,502","$5,005,350","$5,787,924",,,,
161,Ersan Ilyasova,"$7,000,000","$8,585,926","$1,194,542","$1,455,778","$151,821","$175,557",,,,
162,Davis Bertans,"$7,000,000","$8,585,926","$15,000,000","$18,280,371","$16,000,000","$18,501,560","$16,000,000","$16,964,608","$17,000,000","$17,505,137"
163,Jaren Jackson Jr,"$6,927,480","$8,496,976","$7,257,360","$8,844,482","$9,180,560","$10,615,917","$28,946,605","$30,691,738","$27,102,202","$27,907,516"
164,Nemanja Bjelica,"$6,825,000","$8,371,278","$7,150,000","$8,713,643","$2,089,448","$2,416,128",,,,
165,Jaylen Brown,"$6,534,829","$8,015,366","$25,035,118","$30,510,084","$26,758,928","$30,942,620","$29,776,785","$31,571,968","$31,830,357","$32,776,163"
166,Jabari Parker,"$6,500,000","$7,972,646","$6,930,729","$8,446,419","$1,168,286","$1,350,944",,,,
167,Ivica Zubac,"$6,481,482","$7,949,932","$7,000,000","$8,530,840","$7,518,518","$8,694,019","$10,123,457","$10,733,780","$10,933,333","$11,258,205"
168,Darius Garland,"$6,400,920","$7,851,118","$6,720,720","$8,190,484","$7,040,880","$8,141,704","$8,920,794","$9,458,610","$34,005,250","$35,015,681"
169,De'Aaron Fox,"$6,392,760","$7,841,109","$8,099,627","$9,870,946","$28,103,500","$32,497,412","$30,351,780","$32,181,628","$32,600,060","$33,568,737"
170,Trae Young,"$6,273,000","$7,694,216","$6,571,800","$8,008,996","$8,326,471","$9,628,294","$37,096,500","$39,332,974","$40,064,220","$41,254,687"
171,Montrezl Harrell,"$6,000,000","$7,359,365","$9,258,000","$11,282,645","$9,720,900","$11,240,738","$2,463,490","$2,612,008","$2,019,706","$2,079,719"
172,Ishmael Smith,"$6,000,000","$7,359,365","$6,000,000","$7,312,148","$4,500,000","$5,203,563","$4,725,000","$5,009,860","$3,196,448","$3,291,427"
173,Marco Belinelli,"$5,846,154","$7,170,664",,,,,,,,
174,Jarrett Culver,"$5,813,640","$7,130,783","$6,104,280","$7,439,233","$6,395,160","$7,395,027","$260,295","$275,987",,
175,Jonathan Isaac,"$5,806,440","$7,121,952","$7,362,565","$8,972,695","$17,400,000","$20,120,447","$17,400,000","$18,449,011","$17,400,000","$17,917,023"
176,Rodney Hood,"$5,718,000","$7,013,475","$10,047,450","$12,244,741","$2,239,544","$2,589,691",,,,
177,Mo Bamba,"$5,697,600","$6,988,453","$5,969,040","$7,274,418","$7,568,743","$8,752,097","$10,300,000","$10,920,966","$2,346,614","$2,416,341"
178,Trey Lyles,"$5,500,000","$6,746,085","$5,500,000","$6,702,802","$2,500,000","$2,890,868","$2,625,000","$2,783,256","$8,000,000","$8,237,711"
179,Aron Baynes,"$5,453,280","$6,688,780","$7,000,000","$8,530,840",,,,,,
180,Kris Dunn,"$5,348,007","$6,559,656","$4,767,000","$5,809,502","$5,317,430","$6,148,796","$1,000,001","$1,060,289","$2,586,484","$2,663,338"
181,Coby White,"$5,307,120","$6,509,506","$5,572,680","$6,791,377","$5,837,760","$6,750,479","$7,413,955","$7,860,927","$11,111,111","$11,441,266"
182,Lauri Markkanen,"$5,300,400","$6,501,263","$6,731,508","$8,203,631","$15,690,909","$18,144,143","$16,475,454","$17,468,726","$17,259,999","$17,772,862"
183,Wendell Carter,"$5,201,400","$6,379,834","$5,448,840","$6,640,454","$6,920,027","$8,001,956","$14,150,000","$15,003,075","$13,050,000","$13,437,767"
184,Daniel Theis,"$5,000,000","$6,132,804","$5,000,000","$6,093,457","$8,280,351","$9,574,963","$8,694,369","$9,218,535","$9,108,387","$9,379,032"
185,Luol Deng,"$5,000,000","$6,132,804","$5,000,000","$6,093,457","$5,000,000","$5,781,737",,,,
186,Jaxson Hayes,"$4,862,040","$5,963,588","$5,105,160","$6,221,614","$5,348,280","$6,184,470","$6,803,012","$7,213,152","$2,165,000","$2,229,330"
187,Buddy Hield,"$4,861,207","$5,962,566","$24,931,817","$30,384,192","$23,073,234","$26,680,677","$21,177,750","$22,454,514","$19,321,859","$19,895,988"
188,Frank Ntilikina,"$4,855,800","$5,955,934","$6,176,578","$7,527,342","$1,789,256","$2,069,001","$2,036,318","$2,159,083","$2,528,233","$2,603,356"
189,Rodney McGruder,"$4,807,693","$5,896,928","$5,192,307","$6,327,820","$1,939,350","$2,242,562","$2,298,385","$2,436,950",,
190,Enes Kanter,"$4,767,000","$5,847,016","$5,005,350","$6,099,977","$2,641,691","$3,054,712",,,,
191,Garrett Temple,"$4,767,000","$5,847,016","$4,767,000","$5,809,502","$4,910,000","$5,677,666","$5,155,500","$5,466,314","$3,196,448","$3,291,427"
192,Justin Holiday,"$4,767,000","$5,847,016","$5,720,400","$6,971,402","$6,006,420","$6,945,508","$5,987,975","$6,348,977","$3,196,448","$3,291,427"
193,JaMychal Green,"$4,767,000","$5,847,016","$7,199,760","$8,774,285","$8,200,000","$9,482,049","$8,200,000","$8,694,360",,
194,Avery Bradley,"$4,767,000","$5,847,016","$5,635,000","$6,867,326","$2,641,691","$3,054,712",,,,
195,Robin Lopez,"$4,767,000","$5,847,016","$7,300,000","$8,896,447","$5,000,000","$5,781,737","$2,905,851","$3,081,038","$3,196,448","$3,291,427"
196,Mike Scott,"$4,767,000","$5,847,016","$5,005,350","$6,099,977",,,,,,
197,Frank Kaminsky,"$4,767,000","$5,847,016","$1,737,145","$2,117,043","$2,089,448","$2,416,128","$2,463,490","$2,612,008",,
198,Richaun Holmes,"$4,767,000","$5,847,016","$5,005,350","$6,099,977","$10,384,500","$12,008,090","$11,215,260","$11,891,405","$12,046,020","$12,403,955"
199,Ed Davis,"$4,767,000","$5,847,016","$5,005,350","$6,099,977","$2,641,691","$3,054,712",,,,
200,Collin Sexton,"$4,764,960","$5,844,513","$4,991,880","$6,083,561","$6,349,671","$7,342,426","$16,700,000","$17,706,809","$17,525,000","$18,045,737"
201,Rui Hachimura,"$4,469,160","$5,481,697","$4,692,840","$5,719,123","$4,916,160","$5,684,789","$6,263,188","$6,640,783","$15,740,741","$16,208,460"
202,Kevon Looney,"$4,464,286","$5,475,718","$4,821,429","$5,875,834","$5,178,572","$5,988,228","$8,000,000","$8,482,304","$7,500,000","$7,722,854"
203,Dennis Smith,"$4,463,640","$5,474,926","$5,686,677","$6,930,304","$1,789,256","$2,069,001","$2,133,278","$2,261,889","$2,528,233","$2,603,356"
204,Jamal Murray,"$4,444,746","$5,451,751","$27,285,000","$33,251,996","$29,467,800","$34,075,017","$31,650,600","$33,558,751","$33,833,400","$34,838,724"
205,Kevin Knox,"$4,380,120","$5,372,484","$4,588,680","$5,592,185","$5,845,978","$6,759,982","$3,000,000","$3,180,864","$2,144,320","$2,208,036"
206,Cam Reddish,"$4,245,720","$5,207,634","$4,458,000","$5,432,926","$4,670,160","$5,400,328","$5,954,454","$6,313,436","$2,165,000","$2,229,330"
207,Zach Collins,"$4,240,200","$5,200,863","$5,406,255","$6,588,556","$7,000,000","$8,094,432","$7,350,000","$7,793,116","$7,700,000","$7,928,797"
208,Mikal Bridges,"$4,161,000","$5,103,720","$4,359,000","$5,312,276","$5,557,725","$6,426,661","$20,100,000","$21,311,788","$21,700,000","$22,344,793"
209,Alex Len,"$4,160,000","$5,102,493","$3,970,648","$4,838,994","$3,732,000","$4,315,489","$3,918,600","$4,154,844","$3,196,448","$3,291,427"
210,Nicolo Melli,"$4,102,564","$5,032,044","$3,897,436","$4,749,771",,,,,,
211,Cameron Johnson,"$4,033,440","$4,947,259","$4,235,160","$5,161,353","$4,437,000","$5,130,714","$5,887,899","$6,242,868","$25,679,348","$26,442,383"
212,Malik Monk,"$4,028,400","$4,941,078","$5,345,687","$6,514,743","$1,789,256","$2,069,001","$9,472,219","$10,043,280","$9,945,830","$10,241,360"
213,Dorian Finney-Smith,"$4,000,000","$4,906,243","$4,000,000","$4,874,765","$4,000,000","$4,625,390","$12,939,848","$13,719,965","$13,932,008","$14,345,983"
214,JaVale McGee,"$4,000,000","$4,906,243","$4,200,000","$5,118,504","$5,000,000","$5,781,737","$5,461,219","$5,790,465","$5,544,772","$5,709,529"
215,Reggie Bullock,"$4,000,000","$4,906,243","$4,200,000","$5,118,504","$9,536,000","$11,026,930","$10,012,800","$10,616,451","$14,210,528","$14,632,779"
216,Patrick McCaw,"$4,000,000","$4,906,243","$4,000,000","$4,874,765",,,,,,
217,Shai Gilgeous-Alexander,"$3,952,920","$4,848,497","$4,141,320","$5,046,991","$5,495,532","$6,354,744","$30,913,750","$32,777,478","$33,386,850","$34,378,905"
218,PJ Washington,"$3,831,840","$4,699,985","$4,023,600","$4,903,526","$4,215,120","$4,874,143","$5,808,435","$6,158,613","$16,847,826","$17,348,441"
219,Luke Kennard,"$3,827,160","$4,694,244","$5,273,826","$6,427,166","$13,347,727","$15,434,611","$13,745,455","$14,574,141","$14,763,636","$15,202,322"
220,Miles Bridges,"$3,755,400","$4,606,226","$3,934,320","$4,794,722","$5,421,493","$6,269,130",,,"$7,921,300","$8,156,673"
221,Jakob Poeltl,"$3,754,885","$4,605,595","$8,101,852","$9,873,657","$8,750,000","$10,118,040","$9,398,148","$9,964,743","$19,500,000","$20,079,422"
222,Tyler Herro,"$3,640,200","$4,464,927","$3,822,240","$4,658,131","$4,004,280","$4,630,339","$5,722,116","$6,067,090","$27,000,000","$27,802,277"
223,Donovan Mitchell,"$3,635,760","$4,459,481","$5,195,501","$6,331,712","$28,103,500","$32,497,412","$30,913,750","$32,777,478","$33,162,030","$34,147,405"
224,Stanley Johnson,"$3,623,000","$4,443,830","$3,804,150","$4,636,085","$1,368,998","$1,583,036","$4,022,164","$4,264,651",,
225,Jake Layman,"$3,581,986","$4,393,524","$3,761,085","$4,583,602","$3,940,184","$4,556,222",,,,
226,Thon Maker,"$3,569,643","$4,378,384","$1,737,145","$2,117,043",,,,,,
227,Jerome Robinson,"$3,567,720","$4,376,026","$3,737,520","$4,554,883",,,,,"$559,782","$576,415"
228,Danuel House,"$3,540,000","$4,342,025","$3,717,000","$4,529,876","$4,997,424","$5,778,758","$4,105,000","$4,352,482","$4,310,250","$4,438,324"
229,Domantas Sabonis,"$3,529,554","$4,329,213","$19,800,000","$24,130,090","$18,500,000","$21,392,429","$21,100,000","$22,372,076","$29,300,000","$30,170,619"
230,Boban Marjanovic,"$3,500,000","$4,292,963","$3,500,000","$4,265,420","$3,500,000","$4,047,216","$4,101,478","$4,348,747","$2,891,467","$2,977,383"
231,TJ McConnell,"$3,500,000","$4,292,963","$3,500,000","$4,265,420","$7,500,000","$8,672,606","$8,100,000","$8,588,332","$8,700,000","$8,958,511"
232,DeMarcus Cousins,"$3,500,000","$4,292,963","$3,051,832","$3,719,241","$2,038,942","$2,357,725",,,,
233,Taurean Prince,"$3,481,985","$4,270,866","$12,250,000","$14,928,970","$13,334,375","$15,419,171","$7,100,000","$7,528,044","$4,516,000","$4,650,188"
234,Dario Saric,"$3,481,985","$4,270,866","$9,250,000","$11,272,895","$8,510,000","$9,840,517","$9,240,000","$9,797,061","$2,709,849","$2,790,369"
235,Romeo Langford,"$3,458,400","$4,241,938","$3,631,200","$4,425,312","$3,804,360","$4,399,162","$5,634,257","$5,973,935",,
236,Bam Adebayo,"$3,454,080","$4,236,639","$5,115,492","$6,234,206","$28,103,500","$32,497,412","$30,351,780","$32,181,628","$32,600,060","$33,568,737"
237,Michael Porter,"$3,389,400","$4,157,305","$3,550,800","$4,327,329","$5,258,735","$6,080,925","$30,913,750","$32,777,478","$33,386,850","$34,378,905"
238,Denzel Valentine,"$3,377,568","$4,142,792","$4,642,800","$5,658,140","$1,005,633","$1,162,860",,,,
239,Juan Hernangomez,"$3,321,029","$4,073,444","$6,493,000","$7,912,963","$6,803,190","$7,866,851","$2,298,385","$2,436,950",,
240,Sekou Doumbouya,"$3,285,120","$4,029,399","$3,449,400","$4,203,754","$3,799,131","$4,393,114",,,,
241,Justin Jackson,"$3,280,920","$4,024,248","$5,109,637","$6,227,070","$308,493","$356,724","$1,836,090","$1,946,784","$145,301","$149,618"
242,Troy Brown,"$3,219,480","$3,948,888","$3,372,840","$4,110,451","$5,170,564","$5,978,968","$1,968,175","$2,086,832","$4,000,000","$4,118,855"
243,Yogi Ferrell,"$3,150,000","$3,863,666","$444,149","$541,280",,,,,,
244,Zhaire Smith,"$3,058,800","$3,751,804","$1,068,200","$1,301,806","$1,068,200","$1,235,210","$1,068,200","$1,132,599","$116,075","$119,524"
245,Ryan Arcidiacono,"$3,000,000","$3,679,682","$3,000,000","$3,656,074","$774,727","$895,853","$1,836,090","$1,946,784","$2,528,233","$2,603,356"
246,Quinn Cook,"$3,000,000","$3,679,682","$1,981,649","$2,415,018",,,,,,
247,Khem Birch,"$3,000,000","$3,679,682","$3,011,499","$3,670,087","$6,350,000","$7,342,806","$6,667,500","$7,069,470","$6,985,000","$7,192,552"
248,Nickeil Alexander-Walker,"$2,964,840","$3,636,556","$3,113,160","$3,793,981","$3,261,480","$3,771,404","$5,009,633","$5,311,653","$4,687,500","$4,826,784"
249,DJ Wilson,"$2,961,120","$3,631,994","$4,548,280","$5,542,949","$308,493","$356,725","$250,000","$265,072","$134,863","$138,870"
250,Cedi Osman,"$2,907,143","$3,565,788","$8,840,580","$10,773,939","$8,133,334","$9,404,960","$7,426,088","$7,873,792","$6,718,842","$6,918,485"
251,Donte DiVincenzo,"$2,905,800","$3,564,140","$3,044,160","$3,709,891","$4,675,830","$5,406,884","$4,500,000","$4,771,296","$10,900,000","$11,223,882"
252,Bryn Forbes,"$2,875,000","$3,526,362","$2,337,145","$2,848,258","$4,500,000","$5,203,563","$2,298,385","$2,436,950",,
253,Goga Bitadze,"$2,816,760","$3,454,927","$2,957,520","$3,604,304","$3,098,400","$3,582,827","$5,377,520","$5,701,719","$2,066,585","$2,127,991"
254,TJ Leaf,"$2,813,280","$3,450,659","$4,431,423","$5,400,536",,,,,,
255,Lonnie Walker,"$2,764,200","$3,390,459","$2,895,720","$3,528,989","$4,447,896","$5,143,313","$6,479,000","$6,869,606","$2,346,614","$2,416,341"
256,Alex Caruso,"$2,750,000","$3,373,042","$2,750,000","$3,351,401","$8,600,000","$9,944,588","$9,030,000","$9,574,400","$9,460,000","$9,741,094"
257,Malik Beasley,"$2,731,713","$3,350,612","$13,425,895","$16,362,023","$14,491,964","$16,757,746","$15,558,035","$16,495,997","$2,709,849","$2,790,369"
258,Luka Samanic,"$2,689,920","$3,299,350","$2,824,320","$3,441,974","$3,355,239","$3,879,821","$538,317","$570,771","$2,066,585","$2,127,991"
259,John Collins,"$2,686,560","$3,295,229","$4,137,302","$5,042,094","$23,000,000","$26,595,993","$23,500,000","$24,916,768","$25,340,000","$26,092,952"
260,Kevin Huerter,"$2,636,280","$3,233,558","$2,761,920","$3,365,928","$4,253,357","$4,918,358","$14,508,929","$15,383,643","$15,669,643","$16,135,250"
261,Caris LeVert,"$2,625,717","$3,220,601","$16,203,704","$19,747,315","$17,500,000","$20,236,081","$18,796,296","$19,929,487","$15,384,616","$15,841,754"
262,Marko Guduric,"$2,625,000","$3,219,722","$2,750,000","$3,351,401",,,,,,
263,DeAndre Bembry,"$2,603,981","$3,193,941","$1,737,145","$2,117,043","$2,271,045","$2,626,116",,,,
264,Matisse Thybulle,"$2,582,160","$3,167,176","$2,711,280","$3,304,213","$2,840,160","$3,284,212","$4,379,526","$4,643,558","$10,500,000","$10,811,996"
265,Harry Giles,"$2,578,800","$3,163,055","$1,620,564","$1,974,967",,,,,"$2,306,554","$2,375,090"
266,Vince Carter,"$2,564,753","$3,145,825",,,,,,,,
267,Wilson Chandler,"$2,564,753","$3,145,825",,,,,,,,
268,Jose Juan Barea,"$2,564,753","$3,145,825","$2,564,753","$3,125,642",,,,,,
269,Thabo Sefolosha,"$2,564,753","$3,145,825",,,,,,,,
270,Tyson Chandler,"$2,564,753","$3,145,825",,,,,,,,
271,Dwight Howard,"$2,564,753","$3,145,825","$2,564,753","$3,125,642","$2,641,691","$3,054,712",,,,
272,Rajon Rondo,"$2,564,753","$3,145,825","$7,500,000","$9,140,185","$7,500,000","$8,672,605",,,,
273,Jared Dudley,"$2,564,753","$3,145,825","$2,564,753","$3,125,642",,,,,,
274,Udonis Haslem,"$2,564,753","$3,145,825","$2,564,753","$3,125,642","$2,641,691","$3,054,712","$2,905,851","$3,081,038",,
275,Kyle Korver,"$2,564,753","$3,145,825",,,,,,,,
276,Wesley Matthews,"$2,564,753","$3,145,825","$3,623,000","$4,415,319","$1,958,495","$2,264,700","$2,905,851","$3,081,038","$3,196,448","$3,291,427"
277,Josh Okogie,"$2,530,680","$3,104,033","$2,651,040","$3,230,799","$4,087,904","$4,727,037","$1,968,175","$2,086,832","$2,815,937","$2,899,609"
278,Vincent Poirier,"$2,505,793","$3,073,507","$2,619,207","$3,192,005",,,,,,
279,Rondae Hollis-Jefferson,"$2,500,000","$3,066,402","$502,957","$612,949",,,,,,
280,Brandon Clarke,"$2,478,840","$3,040,448","$2,602,920","$3,172,156","$2,726,880","$3,153,220","$4,343,919","$4,605,805","$12,500,000","$12,871,424"
281,Terrance Ferguson,"$2,475,840","$3,036,768","$3,944,013","$4,806,534",,,,,,
282,Grayson Allen,"$2,429,400","$2,979,807","$2,545,320","$3,101,959","$4,054,695","$4,688,636","$8,925,000","$9,463,070","$8,925,000","$9,190,197"
283,Alfonzo McKinnie,"$2,391,985","$2,933,915","$1,762,796","$2,148,304","$1,090,007","$1,260,426",,,,
284,Grant Williams,"$2,379,840","$2,919,018","$2,498,760","$3,045,217","$2,617,800","$3,027,086","$4,306,281","$4,565,898","$12,405,000","$12,773,601"
285,Jarrett Allen,"$2,376,840","$2,915,339","$3,909,902","$4,764,964","$20,000,000","$23,126,950","$20,000,000","$21,205,760","$20,000,000","$20,594,279"
286,Pascal Siakam,"$2,351,838","$2,884,672","$30,559,200","$37,242,235","$33,003,936","$38,164,020","$35,448,672","$37,585,801","$37,893,408","$39,019,371"
287,Skal Labissiere,"$2,338,846","$2,868,737",,,,,,,,
288,Chandler Hutchison,"$2,332,320","$2,860,732","$2,443,440","$2,977,799","$4,224,186","$4,884,626",,,,
289,Patrick Patterson,"$2,331,593","$2,859,840","$3,814,771","$4,649,028","$737,067","$852,305",,,,
290,Dejounte Murray,"$2,321,735","$2,847,749","$14,286,000","$17,410,226","$15,428,880","$17,841,147","$17,071,120","$18,100,303","$18,214,000","$18,755,210"
291,Alec Burks,"$2,320,044","$2,845,675","$6,000,000","$7,312,148","$9,536,000","$11,026,930","$10,012,800","$10,616,451","$10,489,600","$10,801,287"
292,Damian Jones,"$2,305,057","$2,827,292","$1,487,284","$1,812,540","$1,977,011","$2,286,111","$2,298,385","$2,436,950","$2,586,665","$2,663,525"
293,Darius Bazley,"$2,284,800","$2,802,446","$2,399,160","$2,923,835","$2,513,040","$2,905,947","$4,264,628","$4,521,733","$624,425","$642,978"
294,Ante Zizic,"$2,281,800","$2,798,766",,,,,,,,
295,OG Anunoby,"$2,281,800","$2,798,766","$3,872,215","$4,719,035","$16,071,429","$18,584,157","$17,357,143","$18,403,570","$18,642,857","$19,196,810"
296,Markieff Morris,"$2,259,887","$2,771,889","$2,331,593","$2,841,492","$2,641,691","$3,054,712","$2,905,851","$3,081,038","$3,196,448","$3,291,427"
297,Luke Kornet,"$2,250,000","$2,759,762","$2,250,000","$2,742,055","$812,364","$939,374","$2,133,278","$2,261,889","$2,413,304","$2,485,012"
298,Aaron Holiday,"$2,239,200","$2,746,515","$2,345,640","$2,858,611","$3,980,551","$4,602,900","$1,968,175","$2,086,832","$2,346,614","$2,416,341"
299,Ty Jerome,"$2,193,480","$2,690,436","$2,303,040","$2,806,695","$2,412,840","$2,790,081","$4,728,948","$5,014,046","$2,439,025","$2,511,498"
300,Willie Cauley-Stein,"$2,177,483","$2,670,815","$4,100,000","$4,996,634","$4,220,083","$4,879,881","$155,738","$165,127",,
301,Kyle O'Quinn,"$2,174,318","$2,666,933",,,,,,,,
302,Austin Rivers,"$2,174,310","$2,666,923","$3,929,049","$4,788,298","$2,401,537","$2,777,011","$2,905,851","$3,081,038",,
303,Carmelo Anthony,"$2,159,029","$2,648,180","$2,564,753","$3,125,642","$2,641,691","$3,054,712",,,,
304,Anfernee Simons,"$2,149,560","$2,636,566","$2,252,040","$2,744,541","$3,938,818","$4,554,642","$22,321,429","$23,667,143","$24,107,143","$24,823,461"
305,Nassir Little,"$2,105,520","$2,582,548","$2,210,640","$2,694,088","$2,316,240","$2,678,378","$4,171,548","$4,423,042","$6,250,000","$6,435,712"
306,Moritz Wagner,"$2,063,520","$2,531,033","$2,383,915","$2,905,256","$1,729,217","$1,999,575","$1,878,720","$1,991,984","$8,000,000","$8,237,711"
307,Dylan Windler,"$2,035,800","$2,497,032","$2,137,440","$2,604,879","$2,239,200","$2,589,293","$4,037,277","$4,280,676","$1,116,288","$1,149,455"
308,Caleb Swanigan,"$2,033,160","$2,493,794",,,,,,,,
309,Ben McLemore,"$2,028,594","$2,488,194","$2,893,630","$3,526,442","$2,389,641","$2,763,255",,,,
310,Mike Muscala,"$2,028,594","$2,488,194","$2,283,034","$2,782,314","$3,500,000","$4,047,216","$3,500,000","$3,711,008","$4,308,297","$4,436,312"
311,Michael Carter-Williams,"$2,028,594","$2,488,194","$3,300,000","$4,021,681","$3,300,000","$3,815,946","$652,829","$692,186",,
312,Noah Vonleh,"$2,000,000","$2,453,121","$427,725","$521,264",,,"$1,160,955","$1,230,946",,
313,Torrey Craig,"$2,000,000","$2,453,121","$1,678,854","$2,046,005","$4,878,049","$5,640,719","$5,121,951","$5,430,743","$2,528,233","$2,603,356"
314,Edmond Sumner,"$2,000,000","$2,453,121","$2,160,000","$2,632,373","$2,320,000","$2,682,726","$1,968,175","$2,086,832","$40,459","$41,661"
315,Landry Shamet,"$1,995,120","$2,447,136","$2,090,040","$2,547,113","$3,768,342","$4,357,512","$9,500,000","$10,072,736","$10,250,000","$10,554,568"
316,Mfiondu Kabengele,"$1,977,000","$2,424,910","$2,432,353","$2,964,287","$19,186","$22,185","$508,891","$539,571",,
317,Kyle Kuzma,"$1,974,600","$2,421,967","$3,562,178","$4,341,195","$13,000,000","$15,032,517","$13,000,000","$13,783,744","$25,568,182","$26,327,914"
318,Jordan Poole,"$1,964,760","$2,409,897","$2,063,280","$2,514,501","$2,161,440","$2,499,375","$3,901,399","$4,136,606","$27,955,357","$28,786,021"
319,Tony Bradley,"$1,962,360","$2,406,954","$3,542,060","$4,316,678","$1,789,256","$2,069,001","$2,036,318","$2,159,083",,
320,Keldon Johnson,"$1,950,600","$2,392,529","$2,048,040","$2,495,928","$2,145,720","$2,481,198","$3,873,024","$4,106,520","$20,000,000","$20,594,279"
321,Derrick White,"$1,948,080","$2,389,438","$3,516,284","$4,285,265","$15,678,571","$18,129,876","$17,142,857","$18,176,365","$18,857,143","$19,417,463"
322,Robert Williams,"$1,937,520","$2,376,486","$2,029,920","$2,473,846","$3,661,976","$4,234,516","$10,714,287","$11,360,230","$11,571,429","$11,915,262"
323,Josh Hart,"$1,934,160","$2,372,365","$3,491,159","$4,254,645","$12,000,000","$13,876,170","$12,960,000","$13,741,332","$12,960,000","$13,345,093"
324,Jacob Evans,"$1,925,880","$2,362,209","$2,017,320","$2,458,490",,,,,,
325,Dzanan Musa,"$1,911,600","$2,344,693","$2,002,800","$2,440,795",,,,,,
326,Omari Spellman,"$1,897,800","$2,327,767","$1,988,280","$2,423,099",,,,,,
327,Nerlens Noel,"$1,882,867","$2,309,451","$5,000,000","$6,093,457","$8,800,000","$10,175,858","$9,391,069","$9,957,237","$300,000","$308,914"
328,James Ennis,"$1,882,867","$2,309,451","$3,300,000","$4,021,681","$386,127","$446,496",,,,
329,Glenn Robinson III,"$1,882,867","$2,309,451","$1,165,322","$1,420,167",,,,,,
330,Bruno Caboclo,"$1,845,301","$2,263,374","$2,028,594","$2,472,230",,,,,,
331,Shabazz Napier,"$1,845,301","$2,263,374",,,,,,,,
332,JR Smith,"$1,746,470","$2,142,151","$1,456,667","$1,775,227","$1,456,667","$1,684,413",,,,
333,JaKarr Sampson,"$1,737,145","$2,130,714","$1,882,867","$2,294,633",,,,,,
334,Raul Neto,"$1,737,145","$2,130,714","$1,882,867","$2,294,633","$2,089,448","$2,416,128","$2,463,490","$2,612,008",,
335,Mario Hezonja,"$1,737,145","$2,130,714","$1,977,011","$2,409,366",,,,,,
336,Emmanuel Mudiay,"$1,737,145","$2,130,714",,,"$111,457","$128,883",,,,
337,Pat Connaughton,"$1,723,050","$2,113,425","$4,938,273","$6,018,231","$5,333,334","$6,167,187","$5,728,393","$6,073,746","$9,423,869","$9,703,889"
338,Jahlil Okafor,"$1,702,486","$2,088,202","$1,882,867","$2,294,633","$2,130,023","$2,463,046",,,,
339,Rodions Kurucs,"$1,699,236","$2,084,216","$1,780,152","$2,169,456",,,,,,
340,Cheick Diallo,"$1,678,854","$2,059,216",,,"$102,831","$118,908",,,,
341,Willy Hernangomez,"$1,676,735","$2,056,617","$1,737,145","$2,117,043","$2,327,220","$2,691,075","$2,443,581","$2,590,899",,
342,Treveon Graham,"$1,645,357","$2,018,130",,,,,,,,
343,Christian Wood,"$1,645,357","$2,018,130","$13,015,874","$15,862,334","$13,666,667","$15,803,416","$14,317,459","$15,180,630","$2,709,849","$2,790,369"
344,Derrick Jones,"$1,645,357","$2,018,130","$9,258,000","$11,282,645","$9,720,900","$11,240,738","$3,200,000","$3,392,921","$2,709,849","$2,790,369"
345,Georges Niang,"$1,645,357","$2,018,130","$1,783,557","$2,173,605","$3,300,000","$3,815,946","$3,465,000","$3,673,897","$8,800,000","$9,061,482"
346,Shaquille Harrison,"$1,620,564","$1,987,720","$915,048","$1,115,160","$308,493","$356,724","$134,862","$142,992","$145,301","$149,618"
347,Furkan Korkmaz,"$1,620,564","$1,987,720","$1,762,796","$2,148,304","$4,629,630","$5,353,461","$5,000,000","$5,301,440","$5,370,370","$5,529,945"
348,Semi Ojeleye,"$1,618,520","$1,985,213","$1,752,950","$2,136,305","$1,789,256","$2,069,001",,,,
349,Dwayne Bacon,"$1,618,520","$1,985,213","$1,678,854","$2,046,005",,,,,,
350,Dillon Brooks,"$1,618,520","$1,985,213","$11,400,000","$13,893,082","$12,200,000","$14,107,439","$11,400,000","$12,087,283","$22,627,671","$23,300,028"
351,Sterling Brown,"$1,618,520","$1,985,213","$1,678,854","$2,046,005","$3,000,000","$3,469,042","$3,122,602","$3,310,857",,
352,Frank Jackson,"$1,618,520","$1,985,213","$699,115","$852,004","$3,000,000","$3,469,042","$113,114","$119,933",,
353,Damyean Dotson,"$1,618,520","$1,985,213","$2,000,000","$2,437,382","$205,662","$237,816",,,,
354,Abdel Nader,"$1,618,520","$1,985,213","$1,752,950","$2,136,305","$2,000,000","$2,312,695",,,,
355,Wesley Iwundu,"$1,618,520","$1,985,213","$1,678,854","$2,046,005","$1,926,834","$2,228,089",,,,
356,Royce O'Neale,"$1,618,520","$1,985,213","$8,500,000","$10,358,877","$8,800,000","$10,175,858","$9,200,000","$9,754,649","$9,500,000","$9,782,282"
357,Monte Morris,"$1,588,231","$1,948,062","$1,723,707","$2,100,666","$8,449,074","$9,770,065","$9,125,000","$9,675,128","$9,800,926","$10,092,150"
358,Malcolm Miller,"$1,588,231","$1,948,062",,,,,,,,
359,Chris Boucher,"$1,588,231","$1,948,062","$6,500,000","$7,921,494","$7,020,000","$8,117,559","$12,690,000","$13,455,054","$11,750,000","$12,099,139"
360,Mitchell Robinson,"$1,559,712","$1,913,081","$1,663,861","$2,027,733","$1,802,057","$2,083,804","$17,045,454","$18,073,090","$15,681,818","$16,147,787"
361,Isaiah Roby,"$1,500,000","$1,839,841","$1,517,981","$1,849,950","$1,782,621","$2,061,329","$2,330,681","$2,471,192",,
362,Nigel Williams-Goss,"$1,500,000","$1,839,841",,,,,,,,
363,Brad Wanamaker,"$1,445,697","$1,773,235","$2,250,000","$2,742,055","$814,918","$942,327",,,,
364,Thanasis Antetokounmpo,"$1,445,697","$1,773,235","$1,701,593","$2,073,716","$1,729,217","$1,999,575","$1,878,720","$1,991,984","$2,346,614","$2,416,341"
365,Theo Pinson,"$1,445,697","$1,773,235","$802,182","$977,612","$440,710","$509,613","$1,968,175","$2,086,832",,
366,Shake Milton,"$1,445,697","$1,773,235","$1,701,593","$2,073,716","$1,846,738","$2,135,470","$1,997,718","$2,118,156","$5,552,938","$5,717,936"
367,Wenyen Gabriel,"$1,445,697","$1,773,235","$1,620,564","$1,974,967","$522,015","$603,628","$1,878,720","$1,991,984","$124,425","$128,122"
368,Devonte Graham,"$1,416,852","$1,737,855","$1,663,861","$2,027,733","$11,000,000","$12,719,822","$11,550,000","$12,246,326","$12,100,000","$12,459,539"
369,Jalen Brunson,"$1,416,852","$1,737,855","$1,663,861","$2,027,733","$1,802,057","$2,083,804","$27,733,332","$29,405,319","$26,346,666","$27,129,530"
370,Keita Bates-Diop,"$1,416,852","$1,737,855","$449,115","$547,332","$1,729,217","$1,999,575","$1,878,720","$1,991,984","$2,346,614","$2,416,341"
371,Sviatoslav Mykhailiuk,"$1,416,852","$1,737,855","$1,663,861","$2,027,733","$1,729,217","$1,999,575","$3,846,895","$4,078,816","$2,346,614","$2,416,341"
372,Khyri Thomas,"$1,416,852","$1,737,855","$1,061,283","$1,293,376",,,,,,
373,Bruce Brown,"$1,416,852","$1,737,855","$1,663,861","$2,027,733","$4,736,102","$5,476,579","$6,479,000","$6,869,606","$22,000,000","$22,653,707"
374,Alize Johnson,"$1,416,852","$1,737,855","$621,587","$757,522","$1,003,740","$1,160,670","$192,293","$203,885",,
375,De'Anthony Melton,"$1,416,852","$1,737,855","$9,571,712","$11,664,963","$8,805,976","$10,182,768","$8,250,000","$8,747,376","$8,000,000","$8,237,711"
376,Kendrick Nunn,"$1,416,852","$1,737,855","$1,663,861","$2,027,733","$5,000,000","$5,781,737","$5,250,000","$5,566,512",,
377,Duncan Robinson,"$1,416,852","$1,737,855","$1,663,861","$2,027,733","$15,650,000","$18,096,838","$16,902,000","$17,920,987","$18,154,000","$18,693,427"
378,Jarred Vanderbilt,"$1,416,852","$1,737,855","$1,663,861","$2,027,733","$4,050,000","$4,683,207","$4,374,000","$4,637,699","$4,640,000","$4,777,872"
379,Kenrich Williams,"$1,416,852","$1,737,855","$2,000,000","$2,437,382","$2,000,000","$2,312,695","$2,000,000","$2,120,576","$6,175,000","$6,358,483"
380,Hamidou Diallo,"$1,416,852","$1,737,855","$1,663,861","$2,027,733","$5,200,000","$6,013,007","$5,200,000","$5,513,497","$134,863","$138,870"
381,Deonte Burton,"$1,416,852","$1,737,855",,,,,"$105,522","$111,883",,
382,Melvin Frazier,"$1,416,852","$1,737,855",,,"$13,294","$15,372",,,,
383,Ryan Broekhoff,"$1,416,852","$1,737,855",,,,,,,,
384,Jevon Carter,"$1,416,852","$1,737,855","$3,925,000","$4,783,363","$4,107,149","$4,749,291","$6,025,000","$6,388,234","$6,190,476","$6,374,419"
385,Elie Okobo,"$1,416,852","$1,737,855",,,,,,,,
386,Gary Trent Jr,"$1,416,852","$1,737,855","$1,663,861","$2,027,733","$16,225,000","$18,761,738","$17,280,000","$18,321,776","$18,560,000","$19,111,491"
387,Chimezie Metu,"$1,416,852","$1,737,855","$910,895","$1,110,099","$1,762,796","$2,038,404","$1,910,860","$2,026,061","$2,697,258","$2,777,404"
388,Isaac Bonga,"$1,416,852","$1,737,855","$1,663,861","$2,027,733","$1,729,217","$1,999,575",,,,
389,Bruno Fernando,"$1,400,000","$1,717,185","$1,517,981","$1,849,950","$1,782,621","$2,061,329","$2,717,391","$2,881,217","$2,581,522","$2,658,229"
390,Jaylen Nowell,"$1,400,000","$1,717,185","$1,517,981","$1,849,950","$1,782,621","$2,061,329","$1,930,681","$2,047,077","$398,160","$409,990"
391,Kevin Porter,"$1,290,960","$1,583,441","$1,717,981","$2,093,688","$1,782,621","$2,061,329","$3,217,631","$3,411,615","$15,860,000","$16,331,263"
392,Jordan McRae,"$1,254,933","$1,539,251",,,,,,,,
393,Carsen Edwards,"$1,228,026","$1,506,248","$1,517,981","$1,849,950","$1,859,365","$2,150,071",,,,
394,Cody Martin,"$1,173,310","$1,439,136","$1,517,981","$1,849,950","$1,782,621","$2,061,329","$7,000,000","$7,422,016","$7,560,000","$7,784,637"
395,Gary Payton II,"$1,052,909","$1,291,457","$249,864","$304,507","$1,669,178","$1,930,149","$8,300,000","$8,800,390","$8,715,000","$8,973,957"
396,Terance Mann,"$1,000,000","$1,226,560","$1,517,981","$1,849,950","$1,782,621","$2,061,329","$1,930,681","$2,047,077","$10,576,923","$10,891,205"
397,Admiral Schofield,"$1,000,000","$1,226,560","$1,517,981","$1,849,950","$723,741","$836,895","$877,940","$930,869","$559,782","$576,415"
398,David Nwaba,"$903,111","$1,107,720","$1,824,003","$2,222,896","$4,650,000","$5,377,016","$5,022,000","$5,324,766",,
399,Javonte Green,"$898,310","$1,101,831","$1,517,981","$1,849,950","$1,669,178","$1,930,149","$1,815,677","$1,925,140","$261,293","$269,057"
400,Nicolas Claxton,"$898,310","$1,101,831","$1,517,981","$1,849,950","$1,782,621","$2,061,329","$9,350,000","$9,913,692","$9,625,000","$9,910,996"
401,Jalen McDaniels,"$898,310","$1,101,831","$1,517,981","$1,849,950","$1,782,621","$2,061,329","$1,930,681","$2,047,077","$4,516,000","$4,650,188"
402,Caleb Martin,"$898,310","$1,101,831","$1,517,981","$1,849,950","$844,011","$975,970","$6,479,000","$6,869,606","$6,802,950","$7,005,092"
403,Daniel Gafford,"$898,310","$1,101,831","$1,517,981","$1,849,950","$1,782,621","$2,061,329","$1,930,681","$2,047,077","$12,402,000","$12,770,512"
404,Vlatko Cancar,"$898,310","$1,101,831","$1,517,981","$1,849,950","$1,782,621","$2,061,329","$2,234,359","$2,369,064","$2,234,359","$2,300,750"
405,Alen Smailagic,"$898,310","$1,101,831","$1,517,981","$1,849,950",,,,,,
406,Eric Paschall,"$898,310","$1,101,831","$1,517,981","$1,849,950","$1,782,621","$2,061,329",,,,
407,Talen Horton-Tucker,"$898,310","$1,101,831","$1,517,981","$1,849,950","$9,500,000","$10,985,301","$10,260,000","$10,878,554","$11,020,000","$11,347,447"
408,KZ Okpala,"$898,310","$1,101,831","$1,517,981","$1,849,950","$1,782,621","$2,061,329","$1,902,133","$2,016,808",,
409,Naz Reid,"$898,310","$1,101,831","$1,517,981","$1,849,950","$1,782,621","$2,061,329","$1,930,681","$2,047,077","$12,950,400","$13,335,207"
410,Ignas Brazdeikis,"$898,310","$1,101,831","$1,686,315","$2,055,097","$462,629","$534,959",,,,
411,Jalen Lecque,"$898,310","$1,101,831","$1,517,981","$1,849,950",,,,,,
412,DaQuan Jeffries,"$898,310","$1,101,831","$1,445,697","$1,761,858","$95,930","$110,928","$799,403","$847,597","$1,341,538","$1,381,400"
413,Justin James,"$898,310","$1,101,831","$1,517,981","$1,849,950","$95,930","$110,928",,,,
414,Matt Thomas,"$898,310","$1,101,831","$1,517,981","$1,849,950","$1,669,178","$1,930,149",,,,
415,Terence Davis,"$898,310","$1,101,831","$1,517,981","$1,849,950","$4,000,000","$4,625,390","$4,000,000","$4,241,152",,
416,Dewan Hernandez,"$898,310","$1,101,831",,,,,,,,
417,Miye Oni,"$898,310","$1,101,831","$1,517,981","$1,849,950","$946,261","$1,094,206",,,,
418,Damion Lee,"$842,327","$1,033,165","$1,762,796","$2,148,304","$1,910,860","$2,209,618","$2,133,278","$2,261,889","$2,528,233","$2,603,356"
419,Jeff Green,"$840,427","$1,030,834","$2,564,753","$3,125,642","$4,500,000","$5,203,563","$4,500,000","$4,771,296","$8,000,000","$8,237,711"
420,Timothe Luwawu,"$837,583","$1,027,346","$1,824,003","$2,222,896","$1,939,350","$2,242,562",,,,
421,Juwan Morgan,"$746,054","$915,080","$1,517,981","$1,849,950","$211,046","$244,042","$576,230","$610,969","$576,230","$593,352"
422,Gary Clark,"$718,765","$881,609","$2,018,458","$2,459,876","$811,213","$938,044",,,,
423,Marvin Williams,"$604,278","$741,183",,,,,,,,
424,Michael Kidd-Gilchrist,"$595,122","$729,953",,,,,,,,
425,Rayjon Tucker,"$578,573","$709,655","$693,755","$845,473","$220,639","$255,134",,,,
426,Chris Clemons,"$563,346","$690,978","$1,517,981","$1,849,950","$85,578","$98,957",,,,
427,Brandon Goodwin,"$522,738","$641,170","$1,701,593","$2,073,716","$343,988","$397,769",,,,
428,Reggie Jackson,"$512,721","$628,883","$2,331,593","$2,841,492","$10,384,500","$12,008,090","$11,457,217","$12,147,949","$5,000,000","$5,148,569"
429,Justin Patton,"$483,115","$592,569","$267,623","$326,149",,,,,,
430,Anzejs Pasecniks,"$482,144","$591,379","$374,297","$456,152",,,,,,
431,Chris Silva,"$466,918","$572,703","$1,517,981","$1,849,950","$479,650","$554,641","$211,045","$223,768",,
432,Troy Daniels,"$458,439","$562,303",,,,,,,,
433,Anthony Tolliver,"$434,704","$533,190","$614,838","$749,297","$151,821","$175,557",,,,
434,Joakim Noah,"$381,360","$467,761","$6,431,666","$7,838,216","$6,431,666","$7,437,241",,,,
435,Dion Waiters,"$375,385","$460,432","$12,650,000","$15,416,446",,,,,,
436,Dean Wade,"$375,000","$459,960","$1,517,981","$1,849,950","$1,782,621","$2,061,329","$1,930,681","$2,047,077","$5,709,877","$5,879,540"
437,Juan Toscano-Anderson,"$350,189","$429,528","$943,963","$1,150,399","$1,701,593","$1,967,632","$2,133,278","$2,261,889","$447,931","$461,240"
438,Ky Bowman,"$350,189","$429,528",,,,,,,,
439,Norvel Pelle,"$350,189","$429,528","$1,014,905","$1,236,854","$191,860","$221,856",,,,
440,Jamal Crawford,"$289,803","$355,461",,,,,,,,
441,Jordan Bell,"$250,000","$306,640","$592,368","$721,913","$102,831","$118,908",,,,
442,Tyler Zeller,"$245,686","$301,348",,,,,,,,
443,Trey Burke,"$229,220","$281,152","$3,000,000","$3,656,074","$3,150,000","$3,642,494","$3,423,750","$3,630,161",,
444,Jontay Porter,"$197,933","$242,776","$1,900,000","$2,315,513","$300,000","$346,904",,,"$411,794","$424,030"
445,Cameron Payne,"$196,288","$240,759","$1,977,011","$2,409,366","$6,500,000","$7,516,258","$6,000,000","$6,361,728","$9,391,467","$9,670,523"
446,Jerian Grant,"$196,288","$240,759","$50,000","$60,934",,,,,,
447,Dragan Bender,"$189,700","$232,678",,,,,,,,
448,Mychal Mulder,"$187,782","$230,326","$1,517,981","$1,849,950","$257,902","$298,223",,,,
449,Tyler Johnson,"$183,115","$224,601","$2,028,594","$2,472,230","$257,418","$297,664",,,,
450,PJ Dozier,"$183,115","$224,601","$1,762,796","$2,148,304","$1,910,860","$2,209,618","$784,654","$831,959",,
451,Sindarius Thornwell,"$183,115","$224,601","$1,235,889","$1,506,167",,,,,,
452,Corey Brewer,"$183,115","$224,601",,,,,,,,
453,Joe Chealey,"$163,356","$200,366",,,,,,,,
454,Jaylen Adams,"$163,356","$200,366","$449,115","$547,332",,,,,,
455,Johnathan Williams,"$161,245","$197,776",,,,,,,,
456,Luguentz Dort,"$155,647","$190,910","$1,517,981","$1,849,950","$1,782,621","$2,061,329","$15,277,778","$16,198,844","$15,277,778","$15,731,741"
457,Oshae Brissett,"$129,568","$158,923","$1,255,493","$1,530,058","$1,701,593","$1,967,632","$1,846,738","$1,958,074","$2,165,000","$2,229,330"
458,JP Macura,"$106,181","$130,237",,,,,,,,
459,Donta Hall,"$101,504","$124,500","$376,276","$458,563",,,,,,
460,Sheldon Mac,"$91,557","$112,300",,,,,,,,
461,Chasson Randle,"$91,557","$112,300","$279,927","$341,144",,,,,,
462,Jonah Bolden,"$89,846","$110,201",,,,,,,,
463,Derrick Walton,"$81,678","$100,183",,,"$95,930","$110,928",,,,
464,Charlie Brown,"$79,568","$97,595","$217,844","$265,484","$431,151","$498,559",,,"$559,782","$576,415"
465,Tacko Fall,"$79,568","$97,595","$653,924","$796,931","$218,021","$252,108",,,,
466,Tremont Waters,"$79,568","$97,595","$712,278","$868,047","$191,860","$221,856",,,,
467,Jeremiah Martin,"$79,568","$97,595","$58,452","$71,234",,,,,,
468,Chris Chiozza,"$79,568","$97,595","$449,115","$547,332","$462,629","$534,959",,,,
469,Raymond Spalding,"$79,568","$97,595","$289,156","$352,391",,,,,,
470,Kobi Simmons,"$79,568","$97,595",,,,,"$32,795","$34,772","$120,250","$123,823"
471,Max Strus,"$79,568","$97,595","$647,098","$788,612","$1,669,178","$1,930,149","$1,815,677","$1,925,140","$14,487,684","$14,918,170"
472,Adam Mokoka,"$79,568","$97,595","$449,115","$547,332",,,,,,
473,Matt Mooney,"$79,568","$97,595",,,"$171,156","$197,915",,,,
474,Josh Reaves,"$79,568","$97,595",,,,,,,,
475,Antonius Cleveland,"$79,568","$97,595",,,,,,,,
476,Tyler Cook,"$79,568","$97,595","$693,141","$844,724","$462,629","$534,959",,,,
477,Bol Bol,"$79,568","$97,595","$2,058,240","$2,508,359","$2,161,152","$2,499,042","$2,200,000","$2,332,633","$2,165,000","$2,229,330"
478,Jordan Bone,"$79,568","$97,595","$135,350","$164,949",,,,,,
479,Louis King,"$79,568","$97,595","$49,222","$59,986","$316,396","$365,863","$307,089","$325,602",,
480,Michael Frazier,"$79,568","$97,595",,,,,,,,
481,William Howard,"$79,568","$97,595",,,,,,,,
482,Naz Long,"$79,568","$97,595",,,,,,,,
483,Brian Bowen,"$79,568","$97,595","$375,321","$457,400",,,,,,
484,Johnathan Motley,"$79,568","$97,595",,,,,,,,
485,Amir Coffey,"$79,568","$97,595","$578,842","$705,429","$573,576","$663,253","$3,395,062","$3,599,743","$3,666,667","$3,775,618"
486,Devontae Cacok,"$79,568","$97,595","$449,115","$547,332","$726,128","$839,656",,,,
487,Kostas Antetokounmpo,"$79,568","$97,595","$449,115","$547,332",,,"$172,555","$182,957",,
488,John Konchar,"$79,568","$97,595","$2,100,000","$2,559,252","$2,200,000","$2,543,964","$2,300,000","$2,438,662","$2,400,000","$2,471,313"
489,Yuta Watanabe,"$79,568","$97,595","$737,996","$899,389","$1,762,796","$2,038,404","$1,968,175","$2,086,832","$2,346,614","$2,416,341"
490,Kyle Alexander,"$79,568","$97,595",,,,,,,,
491,Gabe Vincent,"$79,568","$97,595","$660,750","$805,250","$1,669,178","$1,930,149","$1,815,677","$1,925,140","$10,500,000","$10,811,996"
492,Cam Reynolds,"$79,568","$97,595","$33,299","$40,581",,,,,,
493,Frank Mason,"$79,568","$97,595",,,,,,,,
494,Kelan Martin,"$79,568","$97,595","$1,445,697","$1,761,858","$993,760","$1,149,131",,,,
495,Jordan McLaughlin,"$79,568","$97,595","$503,760","$613,928","$2,000,000","$2,312,695","$2,160,000","$2,290,222","$2,420,000","$2,491,907"
496,Zylan Cheatham,"$79,568","$97,595","$1,445,697","$1,761,858","$256,734","$296,871",,,,
497,Josh Gray,"$79,568","$97,595","$1,620,564","$1,974,967",,,,,,
498,Kenny Wooten,"$79,568","$97,595",,,,,,,,
499,Jared Harper,"$79,568","$97,595","$520,487","$634,313","$85,081","$98,383",,,,
500,Kevin Hervey,"$79,568","$97,595",,,,,,,,
501,Vic Law,"$79,568","$97,595",,,,,,,,
502,BJ Johnson,"$79,568","$97,595",,,"$95,930","$110,928",,,,
503,Marial Shayok,"$79,568","$97,595",,,,,,,,
504,Tariq Owens,"$79,568","$97,595",,,,,,,,
505,Moses Brown,"$79,568","$97,595","$1,250,000","$1,523,364","$1,933,909","$2,236,270","$824,041","$873,720","$2,165,000","$2,229,330"
506,Jaylen Hoard,"$79,568","$97,595","$129,209","$157,465","$191,860","$221,856",,,,
507,Kyle Guy,"$79,568","$97,595","$537,888","$655,519","$383,079","$442,972",,,,
508,Drew Eubanks,"$79,568","$97,595","$1,620,564","$1,974,967","$2,239,820","$2,590,009","$1,968,175","$2,086,832","$2,346,614","$2,416,341"
509,Quinndary Weatherspoon,"$79,568","$97,595","$449,115","$547,332","$346,491","$400,664",,,,
510,Paul Watson,"$79,568","$97,595","$1,445,697","$1,761,858","$303,102","$350,491",,,,
511,Jarrell Brantley,"$79,568","$97,595","$510,586","$622,246",,,"$105,522","$111,883",,
512,Justin Wright-Foreman,"$79,568","$97,595",,,,,,,,
513,Garrison Mathews,"$79,568","$97,595","$688,052","$838,523","$2,000,000","$2,312,695","$2,000,000","$2,120,576","$2,000,000","$2,059,427"
514,Malik Newman,"$65,978","$80,926",,,"$85,578","$98,957",,,,
515,Anthony Edwards,,,"$9,757,440","$11,891,308","$10,245,480","$11,847,335","$10,733,400","$11,380,495","$13,534,817","$13,936,990"
516,James Wiseman,,,"$8,730,240","$10,639,468","$9,166,800","$10,600,006","$9,603,360","$10,182,327","$12,119,440","$12,479,556"
517,LaMelo Ball,,,"$7,839,960","$9,554,492","$8,231,760","$9,518,775","$8,623,920","$9,143,838","$10,900,635","$11,224,536"
518,Patrick Williams,,,"$7,068,360","$8,614,149","$7,422,000","$8,582,411","$7,775,400","$8,244,163","$9,835,881","$10,128,144"
519,Isaac Okoro,,,"$6,400,920","$7,800,746","$6,720,720","$7,771,488","$7,040,880","$7,465,360","$8,920,794","$9,185,866"
520,Onyeka Okongwu,,,"$5,813,640","$7,085,033","$6,104,280","$7,058,669","$6,395,160","$6,780,711","$8,109,063","$8,350,015"
521,Timofey Mozgov,,,"$5,573,333","$6,792,173","$5,573,333","$6,444,709",,,,
522,Killian Hayes,,,"$5,307,120","$6,467,741","$5,572,680","$6,443,954","$5,837,760","$6,189,706","$7,413,955","$7,634,253"
523,Ryan Anderson,,,"$5,214,583","$6,354,967","$5,214,583","$6,029,870",,,,
524,Obi Toppin,,,"$4,862,040","$5,925,326","$5,105,160","$5,903,339","$5,348,280","$5,670,717","$6,803,012","$7,005,156"
525,Deni Avdija,,,"$4,469,160","$5,446,527","$4,692,840","$5,426,553","$4,916,160","$5,212,545","$6,263,188","$6,449,292"
526,Jalen Smith,,,"$4,245,720","$5,174,222","$4,458,000","$5,154,997","$4,670,160","$4,951,714","$5,043,773","$5,193,643"
527,Devin Vassell,,,"$4,033,440","$4,915,518","$4,235,160","$4,897,316","$4,437,000","$4,704,497","$5,887,899","$6,062,851"
528,Gabriel Deck,,,"$3,870,370","$4,716,786","$1,690,507","$1,954,813",,,,
529,Tyrese Haliburton,,,"$3,831,840","$4,669,830","$4,023,600","$4,652,679","$4,215,120","$4,469,241","$5,808,435","$5,981,026"
530,Kira Lewis,,,"$3,640,200","$4,436,280","$3,822,240","$4,419,837","$4,004,280","$4,245,690","$5,722,116","$5,892,142"
531,Luca Vildoza,,,"$3,500,000","$4,265,420","$42,789","$49,478",,,,
532,Aaron Nesmith,,,"$3,458,400","$4,214,722","$3,631,200","$4,198,929","$3,804,360","$4,033,717","$5,634,257","$5,801,673"
533,Cole Anthony,,,"$3,285,120","$4,003,547","$3,449,400","$3,988,705","$3,613,680","$3,831,541","$5,539,771","$5,704,379"
534,Facundo Campazzo,,,"$3,200,000","$3,899,812","$3,100,000","$3,584,677","$464,299","$492,290",,
535,Jon Leuer,,,"$3,169,348","$3,862,457","$3,169,348","$3,664,867",,,,
536,Isaiah Stewart,,,"$3,121,080","$3,803,633","$3,277,080","$3,789,443","$3,433,320","$3,640,308","$5,266,713","$5,423,207"
537,Chuma Okeke,,,"$3,121,080","$3,803,633","$3,277,080","$3,789,443","$3,433,320","$3,640,308","$5,266,712","$5,423,206"
538,Aleksej Pokusevski,,,"$2,964,840","$3,613,225","$3,113,160","$3,599,894","$3,261,480","$3,458,108","$5,574,809","$5,740,458"
539,Andrew Nicholson,,,"$2,844,429","$3,466,481","$2,844,429","$3,289,148","$2,844,429","$3,015,913","$2,844,429","$2,928,948"
540,Josh Green,,,"$2,816,760","$3,432,761","$2,957,520","$3,419,920","$3,098,400","$3,285,196","$4,765,339","$4,906,936"
541,Saddiq Bey,,,"$2,689,920","$3,278,182","$2,824,320","$3,265,895","$2,959,080","$3,137,477","$4,556,983","$4,692,389"
542,Precious Achiuwa,,,"$2,582,160","$3,146,856","$2,711,280","$3,135,181","$2,840,160","$3,011,387","$4,379,526","$4,509,659"
543,Tyrese Maxey,,,"$2,478,840","$3,020,941","$2,602,920","$3,009,880","$2,726,880","$2,891,278","$4,343,920","$4,472,995"
544,Zeke Nnaji,,,"$2,379,840","$2,900,290","$2,498,760","$2,889,434","$2,617,800","$2,775,621","$4,306,281","$4,434,237"
545,Monta Ellis,,,"$2,245,400","$2,736,449","$2,245,400","$2,596,462",,,,
546,RJ Hampton,,,"$2,193,480","$2,673,175","$2,303,040","$2,663,114","$2,898,243","$3,072,971","$680,032","$700,238"
547,Anderson Varejao,,,"$2,141,713","$2,610,087",,,,,,
548,Immanuel Quickley,,,"$2,105,520","$2,565,979","$2,210,640","$2,556,268","$2,316,240","$2,455,881","$4,171,548","$4,295,501"
549,Payton Pritchard,,,"$2,035,800","$2,481,012","$2,137,440","$2,471,623","$2,239,200","$2,374,196","$4,037,277","$4,157,240"
550,Spencer Hawes,,,"$2,007,058","$2,445,984",,,,,,
551,Theo Maledon,,,"$2,000,000","$2,437,382","$2,000,000","$2,312,695","$2,408,891","$2,554,118","$559,782","$576,415"
552,Udoka Azubuike,,,"$1,977,000","$2,409,352","$2,075,880","$2,400,438","$2,174,880","$2,305,999","$559,782","$576,415"
553,Jaden McDaniels,,,"$1,964,760","$2,394,436","$2,063,280","$2,385,868","$2,161,440","$2,291,748","$3,901,399","$4,017,325"
554,Malachi Flynn,,,"$1,950,600","$2,377,179","$2,048,040","$2,368,246","$2,145,720","$2,275,081","$3,873,024","$3,988,106"
555,Desmond Bane,,,"$1,936,440","$2,359,922","$2,033,160","$2,351,039","$2,130,240","$2,258,667","$3,845,083","$3,959,335"
556,Larry Sanders,,,"$1,865,546","$2,273,524","$1,865,546","$2,157,219",,,,
557,Marquese Chriss,,,"$1,824,003","$2,222,896","$1,292,900","$1,495,041","$2,193,920","$2,326,187",,
558,Isaiah Hartenstein,,,"$1,620,564","$1,974,967","$1,729,217","$1,999,575","$8,854,879","$9,388,722","$9,245,121","$9,519,830"
559,Robert Woodard,,,"$1,500,000","$1,828,037","$1,619,015","$1,872,143","$300,000","$318,086",,
560,Jae'Sean Tate,,,"$1,445,697","$1,761,858","$1,517,981","$1,755,313","$7,065,217","$7,491,164","$7,000,000","$7,207,997"
561,Vernon Carey,,,"$1,350,000","$1,645,233","$1,517,981","$1,755,313","$1,882,621","$1,996,119",,
562,Xavier Tillman,,,"$1,300,000","$1,584,298","$1,517,981","$1,755,313","$1,782,621","$1,890,091","$1,930,681","$1,988,049"
563,Tyrell Terry,,,"$1,289,846","$1,571,924","$1,869,438","$2,161,719","$1,782,621","$1,890,091",,
564,Guerschon Yabusele,,,"$1,039,080","$1,266,317",,,,,,
565,Nick Richards,,,"$1,000,000","$1,218,691","$1,517,981","$1,755,313","$1,782,621","$1,890,091",,
566,Lamar Stevens,,,"$1,000,000","$1,218,691","$1,517,981","$1,755,313","$1,782,621","$1,890,091","$2,492,354","$2,566,411"
567,Jahmi'us Ramsey,,,"$1,000,000","$1,218,691","$1,517,981","$1,755,313",,,"$232,150","$239,048"
568,Kyle Singler,,,"$999,200","$1,217,716","$999,200","$1,155,422","$999,200","$1,059,439",,
569,Deividas Sirvydis,,,"$898,310","$1,094,762","$1,603,559","$1,854,271",,,,
570,KJ Martin,,,"$898,310","$1,094,762","$1,517,981","$1,755,313","$1,782,621","$1,890,091","$1,930,681","$1,988,049"
571,Daniel Oturu,,,"$898,310","$1,094,762","$1,603,559","$1,854,270",,,,
572,Jordan Nwora,,,"$898,310","$1,094,762","$1,517,981","$1,755,313","$2,800,000","$2,968,806","$3,000,000","$3,089,141"
573,Sam Merrill,,,"$898,310","$1,094,762","$1,517,981","$1,755,313","$1,105,522","$1,172,171","$1,997,238","$2,056,583"
574,Isaiah Joe,,,"$898,310","$1,094,762","$1,517,981","$1,755,313","$1,836,090","$1,946,784","$1,997,238","$2,056,583"
575,CJ Elleby,,,"$898,310","$1,094,762","$1,517,981","$1,755,313",,,,
576,Tre Jones,,,"$898,310","$1,094,762","$1,517,981","$1,755,313","$1,782,621","$1,890,091","$9,895,833","$10,189,877"
577,Elijah Hughes,,,"$898,310","$1,094,762","$1,517,981","$1,755,313",,,,
578,Anthony Gill,,,"$898,310","$1,094,762","$1,517,981","$1,755,313","$1,836,090","$1,946,784","$1,997,238","$2,056,583"
579,Iman Shumpert,,,"$803,044","$978,662",,,,,,
580,Cole Aldrich,,,"$685,340","$835,217",,,,,,
581,Shaun Livingston,,,"$666,666","$812,460","$666,666","$770,897",,,,
582,Paul Reed,,,"$609,128","$742,339","$1,517,981","$1,755,313","$1,782,621","$1,890,091","$7,723,000","$7,952,480"
583,Tim Frazier,,,"$597,463","$728,123","$386,127","$446,496",,,,
584,Naji Marshall,,,"$538,391","$656,132","$1,517,981","$1,755,313","$1,782,621","$1,890,091","$1,930,681","$1,988,049"
585,Markus Howard,,,"$535,294","$652,358","$462,629","$534,959",,,,
586,Skylar Mays,,,"$532,218","$648,609","$510,907","$590,786","$116,574","$123,602","$1,165,280","$1,199,904"
587,Mamadi Diakite,,,"$529,341","$645,103","$869,078","$1,004,956","$508,891","$539,571","$710,574","$731,687"
588,Nathan Knight,,,"$522,989","$637,362","$462,629","$534,959","$1,836,090","$1,946,784","$160,857","$165,636"
589,Saben Lee,,,"$516,836","$629,863","$1,489,065","$1,721,876","$2,266,640","$2,403,289","$559,782","$576,415"
590,Reggie Perry,,,"$489,148","$596,120","$188,272","$217,706",,,,
591,Cassius Stanley,,,"$470,690","$573,625","$256,734","$296,873",,,,
592,Trent Forrest,,,"$470,690","$573,625","$463,211","$535,632","$508,891","$539,571","$1,112,933","$1,146,002"
593,Dakari Johnson,,,"$459,414","$559,883",,,,,,
594,Grant Riller,,,"$449,115","$547,332","$162,186","$187,543",,,,
595,Nate Darling,,,"$449,115","$547,332",,,"$152,082","$161,250",,
596,Devon Dotson,,,"$449,115","$547,332","$239,291","$276,703","$169,630","$179,856",,
597,Marques Bolden,,,"$449,115","$547,332",,,,,"$502,131","$517,051"
598,Tyler Bey,,,"$449,115","$547,332",,,,,,
599,Nate Hinton,,,"$449,115","$547,332","$96,213","$111,255",,,"$559,782","$576,415"
600,Nico Mannion,,,"$449,115","$547,332",,,,,,
601,Jay Scrubb,,,"$449,115","$547,332","$462,629","$534,959","$49,719","$52,716",,
602,Killian Tillie,,,"$449,115","$547,332","$1,901,625","$2,198,939","$1,901,625","$2,016,270",,
603,Sean McDermott,,,"$449,115","$547,332",,,,,,
604,Josh Hall,,,"$449,115","$547,332",,,,,,
605,Ty-Shon Alexander,,,"$449,115","$547,332",,,,,,
606,Keljin Blevins,,,"$449,115","$547,332","$462,629","$534,959",,,,
607,Jalen Harris,,,"$449,115","$547,332",,,,,,
608,Cassius Winston,,,"$449,115","$547,332","$462,629","$534,959",,,,
609,Mason Jones,,,"$424,544","$517,387","$295,125","$341,267",,,"$212,331","$218,640"
610,Brodric Thomas,,,"$412,202","$502,346","$462,629","$534,959",,,,
611,Freddie Gillespie,,,"$363,015","$442,403","$221,156","$255,732",,,,
612,AJ Hammons,,,"$350,087","$426,648",,,,,,
613,Karim Mane,,,"$344,557","$419,908",,,,,,
614,Will Magnay,,,"$341,481","$416,159",,,,,,
615,Greg Whittington,,,"$332,252","$404,912",,,,,,
616,Mike James,,,"$237,648","$289,619",,,,,,
617,Anthony Lamb,,,"$215,330","$262,420","$136,095","$157,372","$694,878","$736,770",,
618,Justin Robinson,,,"$198,040","$241,349","$265,953","$307,533",,,,
619,Axel Toupane,,,"$196,872","$239,926",,,,,,
620,Henry Ellenson,,,"$168,983","$205,938",,,,,,
621,Ashton Hagans,,,"$166,111","$202,438",,,,,"$270,841","$278,888"
622,Isaiah Thomas,,,"$159,698","$194,622","$910,926","$1,053,345",,,"$477,630","$491,822"
623,Armoni Brooks,,,"$135,362","$164,964","$1,739,065","$2,010,962","$50,000","$53,014","$241,285","$248,454"
624,Justin Anderson,,,"$125,000","$152,336","$445,828","$515,532",,,,
625,Amida Brimah,,,"$123,056","$149,967",,,,,,
626,Didi Louzada,,,"$123,056","$149,967","$1,786,878","$2,066,251","$268,032","$284,191","$268,032","$275,996"
627,Troy Williams,,,"$122,741","$149,583","$122,741","$141,931","$122,741","$130,140",,
628,James Nunnally,,,"$107,674","$131,221",,,,,,
629,Demetrius Jackson,,,"$92,857","$113,164","$92,857","$107,374","$92,857","$98,455","$92,857","$95,616"
630,Dakota Mathias,,,"$86,132","$104,968","$171,156","$197,915",,,,
631,Malik Fitts,,,"$61,528","$74,983","$630,874","$729,508","$555,217","$588,689","$555,217","$571,714"
632,Cameron Oliver,,,"$43,070","$52,489","$85,578","$98,957",,,,
633,Tyler Hall,,,"$25,000","$30,467","$53,176","$61,489",,,,
634,Andrew White,,,"$25,000","$30,467",,,,,,
635,Elijah Bryant,,,"$24,611","$29,993",,,,,,
636,Caleb Homesley,,,"$20,000","$24,373",,,,,,
637,Cade Cunningham,,,,,"$10,050,120","$11,621,431","$10,552,800","$11,189,007","$11,055,360","$11,383,858"
638,Jalen Green,,,,,"$8,992,080","$10,397,969","$9,441,840","$10,011,069","$9,891,480","$10,185,395"
639,Evan Mobley,,,,,"$8,075,160","$9,337,691","$8,478,720","$8,989,885","$8,882,640","$9,146,578"
640,Scottie Barnes,,,,,"$7,280,400","$8,418,672","$7,644,600","$8,105,477","$8,008,680","$8,246,649"
641,Jalen Suggs,,,,,"$6,592,920","$7,623,706","$6,922,320","$7,339,652","$7,252,080","$7,467,568"
642,Josh Giddey,,,,,"$5,988,000","$6,924,209","$6,287,400","$6,666,454","$6,587,040","$6,782,767"
643,Jonathan Kuminga,,,,,"$5,466,360","$6,321,011","$5,739,840","$6,085,883","$6,012,840","$6,191,505"
644,Franz Wagner,,,,,"$5,007,840","$5,790,803","$5,258,280","$5,575,291","$5,508,720","$5,672,405"
645,Davion Mitchell,,,,,"$4,603,200","$5,322,898","$4,833,600","$5,125,008","$5,063,640","$5,214,100"
646,Ziaire Williams,,,,,"$4,373,040","$5,056,754","$4,591,680","$4,868,503","$4,810,200","$4,953,130"
647,James Bouknight,,,,,"$4,154,400","$4,803,930","$4,362,240","$4,625,230","$4,570,080","$4,705,875"
648,Josh Primo,,,,,"$3,946,800","$4,563,872","$4,144,320","$4,394,172","$5,341,600","$5,500,319"
649,Chris Duarte,,,,,"$3,749,400","$4,335,609","$3,936,960","$4,174,311","$4,124,400","$4,246,952"
650,Moses Moody,,,,,"$3,562,200","$4,119,141","$3,740,160","$3,965,646","$3,918,480","$4,034,913"
651,Corey Kispert,,,,,"$3,383,640","$3,912,663","$3,552,840","$3,767,033","$3,722,040","$3,832,636"
652,Alperen Sengun,,,,,"$3,214,680","$3,717,287","$3,375,360","$3,578,853","$3,536,280","$3,641,356"
653,Trey Murphy,,,,,"$3,053,760","$3,531,207","$3,206,520","$3,399,834","$3,359,280","$3,459,097"
654,Tre Mann,,,,,"$2,901,240","$3,354,841","$3,046,200","$3,229,849","$3,191,400","$3,286,229"
655,Kai Jones,,,,,"$2,770,560","$3,203,730","$2,909,040","$3,084,420","$3,198,778","$3,293,825"
656,Jalen Johnson,,,,,"$2,659,680","$3,075,514","$2,792,640","$2,961,002","$2,925,360","$3,012,284"
657,Keon Johnson,,,,,"$2,553,240","$2,952,432","$2,681,040","$2,842,674","$3,342,765","$3,442,091"
658,Isaiah Jackson,,,,,"$2,451,240","$2,834,485","$2,573,760","$2,728,926","$2,696,280","$2,776,397"
659,Usman Garuba,,,,,"$2,353,320","$2,721,255","$2,471,160","$2,620,141","$3,159,790","$3,253,679"
660,Leandro Bolmaro,,,,,"$2,353,320","$2,721,255","$1,709,300","$1,812,350",,
661,Josh Christopher,,,,,"$2,259,240","$2,612,466","$2,372,160","$2,515,172","$2,732,920","$2,814,125"
662,Quentin Grimes,,,,,"$2,168,640","$2,507,701","$2,277,000","$2,414,275","$2,385,720","$2,456,609"
663,Bones Hyland,,,,,"$2,096,880","$2,424,722","$2,201,520","$2,334,245","$2,306,400","$2,374,932"
664,Cam Thomas,,,,,"$2,036,280","$2,354,647","$2,138,160","$2,267,065","$2,240,160","$2,306,724"
665,Jaden Springer,,,,,"$2,023,680","$2,340,077","$2,125,200","$2,253,324","$2,226,240","$2,292,390"
666,Day'Ron Sharpe,,,,,"$2,009,160","$2,323,287","$2,109,480","$2,236,656","$2,210,040","$2,275,709"
667,Jeremiah Robinson-Earl,,,,,"$2,000,000","$2,312,695","$2,000,000","$2,120,576","$2,548,843","$2,624,578"
668,Santiago Aldama,,,,,"$1,994,520","$2,306,358","$2,094,120","$2,220,370","$2,194,200","$2,259,398"
669,Jose Alvarado,,,,,"$1,925,406","$2,226,438","$1,563,518","$1,657,779","$1,836,096","$1,890,653"
670,Herb Jones,,,,,"$1,700,000","$1,965,790","$1,785,000","$1,892,614","$12,015,150","$12,372,167"
671,Lance Stephenson,,,,,"$1,614,825","$1,867,297",,,,
672,Kevin Pangos,,,,,"$1,569,178","$1,814,515",,,,
673,Isaiah Todd,,,,,"$1,500,000","$1,734,521","$1,575,000","$1,669,953","$1,836,096","$1,890,653"
674,Omer Yurtseven,,,,,"$1,489,065","$1,721,876","$1,752,638","$1,858,301","$2,800,000","$2,883,199"
675,Duane Washington Jr,,,,,"$1,346,676","$1,557,225","$628,802","$666,711","$443,965","$457,156"
676,Aaron Wiggins,,,,,"$1,305,761","$1,509,913","$1,563,518","$1,657,779","$1,836,096","$1,890,653"
677,JT Thor,,,,,"$1,250,000","$1,445,434","$1,563,518","$1,657,779","$1,836,096","$1,890,653"
678,Jason Preston,,,,,"$1,062,303","$1,228,391","$1,563,518","$1,657,779","$315,280","$324,648"
679,Isaiah Livers,,,,,"$1,057,260","$1,222,559","$1,563,518","$1,657,779","$1,836,096","$1,890,653"
680,Ayo Dosunmu,,,,,"$925,258","$1,069,919","$1,563,518","$1,657,779","$6,481,482","$6,674,072"
681,Marko Simonovic,,,,,"$925,258","$1,069,919","$1,563,518","$1,657,779",,
682,Luka Garza,,,,,"$925,258","$1,069,919","$508,891","$539,571","$687,465","$707,892"
683,BJ Boston,,,,,"$925,258","$1,069,919","$1,563,518","$1,657,779","$1,836,096","$1,890,653"
684,Austin Reaves,,,,,"$925,258","$1,069,919","$1,563,518","$1,657,779","$12,015,150","$12,372,167"
685,Miles McBride,,,,,"$925,258","$1,069,919","$1,563,518","$1,657,779","$1,836,096","$1,890,653"
686,Vit Krejci,,,,,"$925,258","$1,069,919","$1,563,518","$1,657,779","$369,971","$380,964"
687,Charles Bassey,,,,,"$925,258","$1,069,919","$2,674,742","$2,835,996","$2,600,000","$2,677,256"
688,Greg Brown,,,,,"$925,258","$1,069,919","$1,563,518","$1,657,779","$559,782","$576,415"
689,Jock Landale,,,,,"$925,258","$1,069,919","$1,563,518","$1,657,779","$8,000,000","$8,237,711"
690,Dalano Banton,,,,,"$925,258","$1,069,919","$1,563,518","$1,657,779","$2,019,706","$2,079,719"
691,Jared Butler,,,,,"$925,258","$1,069,919","$1,674,655","$1,775,616","$1,809,782","$1,863,557"
692,Daishen Nix,,,,,"$923,078","$1,067,398","$1,563,518","$1,657,779","$559,782","$576,415"
693,Terry Taylor,,,,,"$895,125","$1,035,075","$1,703,902","$1,806,626","$2,019,706","$2,079,719"
694,Wayne Selden,,,,,"$812,363","$939,373",,,,
695,Trendon Watford,,,,,"$768,830","$889,034","$1,563,518","$1,657,779","$2,019,706","$2,079,719"
696,Ishmail Wainright,,,,,"$707,893","$818,569","$980,057","$1,039,142","$988,269","$1,017,633"
697,Sam Hauser,,,,,"$619,498","$716,354","$1,637,966","$1,736,715","$1,927,896","$1,985,181"
698,Greg Monroe,,,,,"$612,805","$708,612",,,,
699,Joe Wieskamp,,,,,"$563,663","$651,790","$2,909,261","$3,084,654",,
700,Keifer Sykes,,,,,"$558,345","$645,640",,,,
701,Haywood Highsmith,,,,,"$547,701","$633,332","$1,752,638","$1,858,301","$1,902,137","$1,958,657"
702,Nik Stauskas,,,,,"$534,993","$618,637","$702,311","$744,651","$702,311","$723,179"
703,Davon Reed,,,,,"$532,398","$615,637","$1,902,133","$2,016,808",,
704,Georgios Kalaitzakis,,,,,"$499,852","$578,001",,,,
705,RJ Nembhard,,,,,"$491,876","$568,779",,,,
706,Kessler Edwards,,,,,"$463,211","$535,632","$1,637,966","$1,736,715","$1,927,896","$1,985,181"
707,Sharife Cooper,,,,,"$462,629","$534,959",,,"$103,550","$106,626"
708,David Duke,,,,,"$462,629","$534,959","$531,283","$563,312","$395,708","$407,466"
709,Scottie Lewis,,,,,"$462,629","$534,959",,,,
710,Arnoldas Kulboka,,,,,"$462,629","$534,959",,,,
711,Jamorko Pickett,,,,,"$462,629","$534,959",,,,
712,Sean Chris Smith,,,,,"$462,629","$534,959",,,,
713,Yves Pons,,,,,"$462,629","$534,959",,,,
714,Sandro Mamukelashvili,,,,,"$462,629","$534,959","$1,116,112","$1,183,400","$2,019,706","$2,079,719"
715,McKinley Wright,,,,,"$462,629","$534,959","$508,891","$539,571",,
716,Jericho Sims,,,,,"$462,629","$534,959","$1,639,842","$1,738,704","$1,927,896","$1,985,181"
717,Neemias Queta,,,,,"$462,629","$534,959","$508,891","$539,571","$891,035","$917,510"
718,David Johnson,,,,,"$462,629","$534,959",,,,
719,Justin Champagnie,,,,,"$462,629","$534,959","$853,241","$904,680","$254,412","$261,971"
720,Joel Ayayi,,,,,"$462,629","$534,959",,,,
721,Sam Dekker,,,,,"$350,000","$404,721",,,,
722,Malcolm Hill,,,,,"$324,373","$375,086","$508,891","$539,571","$286,583","$295,098"
723,Jeff Dowtin,,,,,"$305,761","$353,564","$508,891","$539,571","$269,237","$277,237"
724,Trevelin Queen,,,,,"$303,102","$350,491","$838,891","$889,466","$559,782","$576,415"
725,Myles Powell,,,,,"$300,443","$347,416",,,,
726,Eugene Omoruyi,,,,,"$281,831","$325,894","$1,013,119","$1,074,197","$1,459,782","$1,503,157"
727,Ja'Vonte Smart,,,,,"$265,878","$307,447",,,"$196,245","$202,076"
728,Marcus Garrett,,,,,"$236,632","$273,628",,,,
729,Lindell Wigginton,,,,,"$233,973","$270,554","$99,438","$105,432","$244,502","$251,767"
730,Jay Huff,,,,,"$225,997","$261,331","$116,986","$124,038","$559,782","$576,415"
731,Olivier Sarr,,,,,"$223,339","$258,257","$257,371","$272,887","$559,782","$576,415"
732,Aaron Henry,,,,,"$223,338","$258,256",,,,
733,JaQuori McLaughlin,,,,,"$220,679","$255,181",,,,
734,Petr Cornelie,,,,,"$218,021","$252,108",,,,
735,Xavier Moon,,,,,"$202,069","$233,661","$116,986","$124,038","$489,005","$503,535"
736,Tyrone Wallace,,,,,"$198,760","$229,835",,,,
737,Devin Cannady,,,,,"$185,578","$214,592",,,,
738,Brandon Williams,,,,,"$180,798","$209,065",,,"$350,668","$361,087"
739,Moses Wright,,,,,"$172,821","$199,840",,,,
740,DeJon Jarreau,,,,,"$172,821","$199,840",,,"$207,100","$213,253"
741,Daulton Hommes,,,,,"$167,504","$193,692",,,,
742,Lindy Waters III,,,,,"$159,527","$184,468","$2,316,876","$2,456,555","$766,095","$788,858"
743,CJ Miles,,,,,"$151,821","$175,557",,,,
744,Joe Johnson,,,,,"$151,821","$175,557",,,,
745,Darren Collison,,,,,"$151,821","$175,557",,,,
746,Chaundee Brown,,,,,"$151,552","$175,246",,,,
747,Xavier Sneed,,,,,"$146,233","$169,096","$102,910","$109,114",,
748,Mario Chalmers,,,,,"$138,019","$159,597",,,,
749,Braxton Key,,,,,"$127,622","$147,574","$201,802","$213,968","$559,782","$576,415"
750,Feron Hunt,,,,,"$116,987","$135,276","$131,610","$139,544",,
751,Mac McClung,,,,,"$111,670","$129,128","$160,856","$170,553",,
752,Matt Ryan,,,,,"$111,669","$129,128","$806,097","$854,694","$2,059,782","$2,120,986"
753,Carlik Jones,,,,,"$106,352","$122,978","$612,162","$649,068",,
754,Hassani Gravett,,,,,"$106,352","$122,979",,,,
755,Paris Bass,,,,,"$106,352","$122,979",,,,
756,DJ Stewart,,,,,"$101,034","$116,830",,,,
757,Scotty Hopson,,,,,"$95,930","$110,928",,,,
758,Jaylen Morris,,,,,"$95,930","$110,928",,,,
759,George King,,,,,"$85,578","$98,957",,,,
760,Jemerrio Jones,,,,,"$85,578","$98,957",,,,
761,Emanuel Terry,,,,,"$85,578","$98,957",,,,
762,Gabriel Lundberg,,,,,"$79,764","$92,234",,,,
763,Anthony Barber,,,,,"$53,176","$61,489",,,,
764,Malik Ellison,,,,,"$53,176","$61,489",,,,
765,Justin Tillman,,,,,"$53,176","$61,489",,,,
766,Tre Scott,,,,,"$53,176","$61,489",,,,
767,Trayvon Palmer,,,,,"$53,176","$61,489",,,,
768,Micah Potter,,,,,"$53,176","$61,489","$508,891","$539,571","$559,782","$576,415"
769,Jaysean Paige,,,,,"$53,176","$61,489",,,,
770,Ahmad Caver,,,,,"$53,176","$61,489",,,,
771,Shaq Buchanan,,,,,"$53,176","$61,489",,,,
772,Jon Teske,,,,,"$53,176","$61,489",,,,
773,Aric Holman,,,,,"$53,176","$61,489",,,,
774,Javin DeLaurier,,,,,"$53,176","$61,489",,,,
775,Rob Edwards,,,,,"$53,176","$61,489",,,,
776,Aleem Ford,,,,,"$53,176","$61,489",,,,
777,MJ Walker,,,,,"$53,176","$61,489",,,,
778,Cameron McGriff,,,,,"$53,176","$61,489",,,,
779,Jarron Cumberland,,,,,"$53,176","$61,489",,,,
780,Ade Murkey,,,,,"$53,176","$61,489",,,,
781,Jordan Schakel,,,,,"$53,176","$61,489","$96,514","$102,332",,
782,Jordan Goodwin,,,,,"$53,176","$61,489","$1,280,206","$1,357,387","$2,208,045","$2,273,654"
783,Craig Sword,,,,,"$53,176","$61,489",,,,
784,Jaime Echenique,,,,,"$53,176","$61,489",,,,
785,Zavier Simpson,,,,,"$37,223","$43,042",,,"$207,100","$213,253"
786,Paolo Banchero,,,,,,,"$11,055,120","$11,721,611","$11,608,080","$11,953,002"
787,Chet Holmgren,,,,,,,"$9,891,240","$10,487,563","$10,386,000","$10,694,609"
788,Jabari Smith,,,,,,,"$8,882,640","$9,418,156","$9,326,520","$9,603,647"
789,Keegan Murray,,,,,,,"$8,008,440","$8,491,252","$8,409,000","$8,658,864"
790,Jaden Ivey,,,,,,,"$7,252,200","$7,689,420","$7,614,480","$7,840,736"
791,Bennedict Mathurin,,,,,,,"$6,586,800","$6,983,905","$6,916,080","$7,121,584"
792,Shaedon Sharpe,,,,,,,"$6,012,960","$6,375,469","$6,313,800","$6,501,408"
793,Dyson Daniels,,,,,,,"$5,508,600","$5,840,702","$5,784,120","$5,955,989"
794,Jeremy Sochan,,,,,,,"$5,063,520","$5,368,789","$5,316,960","$5,474,947"
795,Johnny Davis,,,,,,,"$4,810,320","$5,100,324","$5,050,800","$5,200,879"
796,Ousmane Dieng,,,,,,,"$4,569,840","$4,845,346","$4,798,440","$4,941,020"
797,Jalen Williams,,,,,,,"$4,341,480","$4,603,219","$4,558,680","$4,694,136"
798,Jalen Duren,,,,,,,"$4,124,280","$4,372,924","$4,330,680","$4,459,361"
799,Ochai Agbaji,,,,,,,"$3,918,360","$4,154,590","$4,114,200","$4,236,449"
800,Mark Williams,,,,,,,"$3,722,040","$3,946,434","$3,908,160","$4,024,286"
801,AJ Griffin,,,,,,,"$3,536,160","$3,749,348","$3,712,920","$3,823,245"
802,Tari Eason,,,,,,,"$3,359,160","$3,561,677","$3,527,160","$3,631,965"
803,Simone Fontecchio,,,,,,,"$3,205,128","$3,398,358","$3,044,872","$3,135,347"
804,Dalen Terry,,,,,,,"$3,191,400","$3,383,803","$3,350,760","$3,450,324"
805,Jake LaRavia,,,,,,,"$3,047,640","$3,231,376","$3,199,920","$3,295,002"
806,Malaki Branham,,,,,,,"$2,925,600","$3,101,978","$3,071,880","$3,163,157"
807,Christian Braun,,,,,,,"$2,808,600","$2,977,924","$2,949,120","$3,036,750"
808,Walker Kessler,,,,,,,"$2,696,400","$2,858,960","$2,831,160","$2,915,285"
809,David Roddy,,,,,,,"$2,588,640","$2,744,703","$2,718,240","$2,799,009"
810,MarJon Beauchamp,,,,,,,"$2,485,200","$2,635,027","$2,609,400","$2,686,935"
811,Blake Wesley,,,,,,,"$2,385,480","$2,529,295","$2,504,640","$2,579,062"
812,Wendell Moore,,,,,,,"$2,306,520","$2,445,575","$2,421,720","$2,493,678"
813,Andrew Nembhard,,,,,,,"$2,244,111","$2,379,403","$2,131,905","$2,195,252"
814,Nikola Jovic,,,,,,,"$2,239,920","$2,374,960","$2,352,000","$2,421,887"
815,Patrick Baldwin,,,,,,,"$2,226,000","$2,360,201","$2,337,720","$2,407,182"
816,TyTy Washington,,,,,,,"$2,210,040","$2,343,278","$2,830,222","$2,914,318"
817,Peyton Watson,,,,,,,"$2,193,960","$2,326,229","$2,303,520","$2,371,966"
818,Jaylin Williams,,,,,,,"$2,000,000","$2,120,576","$2,000,000","$2,059,427"
819,Caleb Houstan,,,,,,,"$2,000,000","$2,120,576","$2,000,000","$2,059,427"
820,Kenneth Lofton,,,,,,,"$1,505,966","$1,596,757","$2,586,618","$2,663,474"
821,Christian Koloko,,,,,,,"$1,500,000","$1,590,432","$1,719,864","$1,770,967"
822,Bryce McGowens,,,,,,,"$1,461,055","$1,549,139","$1,719,864","$1,770,967"
823,Kennedy Chandler,,,,,,,"$1,200,000","$1,272,345","$1,719,864","$1,770,967"
824,Tyrese Martin,,,,,,,"$1,017,781","$1,079,140",,
825,Jaden Hardy,,,,,,,"$1,017,781","$1,079,140","$1,719,864","$1,770,967"
826,Ryan Rollins,,,,,,,"$1,017,781","$1,079,140","$1,893,589","$1,949,854"
827,Max Christie,,,,,,,"$1,017,781","$1,079,140","$1,719,864","$1,770,967"
828,Josh Minott,,,,,,,"$1,017,781","$1,079,140","$1,719,864","$1,770,967"
829,Jabari Walker,,,,,,,"$1,017,781","$1,079,140","$1,719,864","$1,770,967"
830,Trevor Keels,,,,,,,"$520,589","$551,974",,
831,Dereon Seabron,,,,,,,"$511,816","$542,672","$559,782","$576,415"
832,JD Davison,,,,,,,"$508,891","$539,571","$559,782","$576,415"
833,Isaiah Mobley,,,,,,,"$508,891","$539,571","$559,782","$576,415"
834,Jack White,,,,,,,"$508,891","$539,571","$703,550","$724,454"
835,Collin Gillespie,,,,,,,"$508,891","$539,571","$559,782","$576,415"
836,Buddy Boeheim,,,,,,,"$508,891","$539,571","$167,291","$172,261"
837,Darius Days,,,,,,,"$508,891","$539,571",,
838,Trevor Hudgins,,,,,,,"$508,891","$539,571",,
839,Kendall Brown,,,,,,,"$508,891","$539,571","$1,100,000","$1,132,685"
840,Moussa Diabate,,,,,,,"$508,891","$539,571","$559,782","$576,415"
841,Scottie Pippen Jr,,,,,,,"$508,891","$539,571","$289,542","$298,145"
842,Cole Swider,,,,,,,"$508,891","$539,571","$559,782","$576,415"
843,Vince Williams Jr,,,,,,,"$508,891","$539,571","$2,232,308","$2,298,638"
844,Jamal Cain,,,,,,,"$508,891","$539,571","$559,782","$576,415"
845,AJ Green,,,,,,,"$508,891","$539,571","$1,901,769","$1,958,278"
846,EJ Liddell,,,,,,,"$508,891","$539,571","$1,801,769","$1,855,306"
847,Kevon Harris,,,,,,,"$508,891","$539,571","$559,782","$576,415"
848,Keon Ellis,,,,,,,"$508,891","$539,571","$683,430","$703,737"
849,Julian Champagnie,,,,,,,"$508,891","$539,571","$3,000,000","$3,089,141"
850,Dominick Barlow,,,,,,,"$508,891","$539,571","$1,015,402","$1,045,573"
851,Ron Harper Jr,,,,,,,"$508,891","$539,571","$147,988","$152,385"
852,Johnny Juzang,,,,,,,"$508,891","$539,571","$559,782","$576,415"
853,John Butler,,,,,,,"$503,041","$533,368","$147,988","$152,385"
854,Chima Moneke,,,,,,,"$500,000","$530,144",,
855,Orlando Robinson,,,,,,,"$386,055","$409,328","$1,801,769","$1,855,306"
856,Dru Smith,,,,,,,"$374,357","$396,925","$1,801,769","$1,855,306"
857,AJ Lawson,,,,,,,"$371,432","$393,824","$1,000,000","$1,029,713"
858,Jared Rhoden,,,,,,,"$307,089","$325,602","$559,782","$576,415"
859,Alondes Williams,,,,,,,"$254,446","$269,786","$212,331","$218,640"
860,Donovan Williams,,,,,,,"$239,822","$254,280",,
861,Quenton Jackson,,,,,,,"$219,630","$232,870","$135,120","$139,134"
862,Tyler Dorsey,,,,,,,"$201,802","$213,968",,
863,Jordan Hall,,,,,,,"$193,027","$204,663",,
864,Keaton Wallace,,,,,,,"$140,384","$148,847",,
865,Xavier Cooks,,,,,,,"$140,384","$148,847","$1,719,864","$1,770,967"
866,Lester Quinones,,,,,,,"$129,405","$137,206","$1,108,597","$1,141,537"
867,Jamaree Bouyea,,,,,,,"$116,986","$124,038","$170,801","$175,876"
868,Michael Foster,,,,,,,"$106,288","$112,695",,
869,Justin Lewis,,,,,,,"$102,363","$108,534","$173,725","$178,887"
870,Stanley Umude,,,,,,,"$58,493","$62,019","$1,098,242","$1,130,875"
871,Jeenathan Williams,,,,,,,"$52,644","$55,817",,
872,DJ Steward,,,,,,,"$50,000","$53,014",,
873,Justin Minaya,,,,,,,"$35,096","$37,211","$559,782","$576,415"
874,Gabe York,,,,,,,"$32,171","$34,110",,
875,Ibou Badji,,,,,,,"$18,226","$19,324","$466,485","$480,346"
876,RaiQuan Gray,,,,,,,"$5,849","$6,201","$141,554","$145,760"
877,Jacob Gilyard,,,,,,,"$5,849","$6,201","$701,336","$722,175"
878,Victor Wembanyama,,,,,,,,,"$12,160,632","$12,521,972"
879,Brandon Miller,,,,,,,,,"$10,880,364","$11,203,662"
880,Scoot Henderson,,,,,,,,,"$9,770,904","$10,061,236"
881,Amen Thompson,,,,,,,,,"$8,809,284","$9,071,042"
882,Ausar Thompson,,,,,,,,,"$7,977,420","$8,214,460"
883,Vasilije Micic,,,,,,,,,"$7,723,000","$7,952,480"
884,Anthony Black,,,,,,,,,"$7,245,480","$7,460,771"
885,Bilal Coulibaly,,,,,,,,,"$6,614,256","$6,810,791"
886,Sasha Vezenkov,,,,,,,,,"$6,341,464","$6,529,894"
887,Jarace Walker,,,,,,,,,"$6,059,460","$6,239,510"
888,Taylor Hendricks,,,,,,,,,"$5,569,872","$5,735,375"
889,Cason Wallace,,,,,,,,,"$5,291,352","$5,448,579"
890,Jett Howard,,,,,,,,,"$5,026,824","$5,176,190"
891,Dereck Lively,,,,,,,,,"$4,775,628","$4,917,530"
892,Gradey Dick,,,,,,,,,"$4,536,708","$4,671,511"
893,Jordan Hawkins,,,,,,,,,"$4,310,196","$4,438,269"
894,Kobe Bufkin,,,,,,,,,"$4,094,244","$4,215,900"
895,Keyonte George,,,,,,,,,"$3,889,776","$4,005,356"
896,Jalen Hood-Schifino,,,,,,,,,"$3,695,076","$3,804,871"
897,Jaime Jaquez,,,,,,,,,"$3,510,540","$3,614,852"
898,Brandin Podziemski,,,,,,,,,"$3,352,404","$3,452,017"
899,Cameron Whitmore,,,,,,,,,"$3,218,160","$3,313,784"
900,Noah Clowney,,,,,,,,,"$3,089,460","$3,181,260"
901,Dariq Whitehead,,,,,,,,,"$2,966,040","$3,054,172"
902,Kris Murray,,,,,,,,,"$2,847,504","$2,932,114"
903,Olivier-Maxence Prosper,,,,,,,,,"$2,733,720","$2,814,949"
904,Marcus Sasser,,,,,,,,,"$2,624,028","$2,701,998"
905,Ben Sheppard,,,,,,,,,"$2,537,172","$2,612,561"
906,Nick Smith,,,,,,,,,"$2,463,912","$2,537,124"
907,Brice Sensabaugh,,,,,,,,,"$2,448,600","$2,521,357"
908,Julian Strawther,,,,,,,,,"$2,431,044","$2,503,279"
909,Tristan Vukcevic,,,,,,,,,"$2,424,892","$2,496,945"
910,Kobe Brown,,,,,,,,,"$2,413,356","$2,485,066"
911,Colby Jones,,,,,,,,,"$2,019,706","$2,079,719"
912,GG Jackson,,,,,,,,,"$1,991,428","$2,050,601"
913,Duop Reath,,,,,,,,,"$1,951,220","$2,009,198"
914,Leonard Miller,,,,,,,,,"$1,800,000","$1,853,485"
915,Jalen Pickett,,,,,,,,,"$1,708,143","$1,758,898"
916,Julian Phillips,,,,,,,,,"$1,600,000","$1,647,542"
917,Craig Porter,,,,,,,,,"$1,500,000","$1,544,570"
918,Ricky Council,,,,,,,,,"$1,414,135","$1,456,154"
919,Mouhamed Gueye,,,,,,,,,"$1,119,563","$1,152,829"
920,Jordan Walsh,,,,,,,,,"$1,119,563","$1,152,829"
921,Hunter Tyson,,,,,,,,,"$1,119,563","$1,152,829"
922,Trayce Jackson-Davis,,,,,,,,,"$1,119,563","$1,152,829"
923,Maxwell Lewis,,,,,,,,,"$1,119,563","$1,152,829"
924,Andre Jackson Jr,,,,,,,,,"$1,119,563","$1,152,829"
925,Chris Livingston,,,,,,,,,"$1,119,563","$1,152,829"
926,Rayan Rupert,,,,,,,,,"$1,119,563","$1,152,829"
927,Toumani Camara,,,,,,,,,"$1,119,563","$1,152,829"
928,Sidy Cissoko,,,,,,,,,"$1,119,563","$1,152,829"
929,Gui Santos,,,,,,,,,"$1,029,483","$1,060,073"
930,Jalen Wilson,,,,,,,,,"$850,000","$875,256"
931,Javon Freeman-Liberty,,,,,,,,,"$849,324","$874,560"
932,Jacob Toppin,,,,,,,,,"$759,245","$781,805"
933,Seth Lundy,,,,,,,,,"$559,782","$576,415"
934,Amari Bailey,,,,,,,,,"$559,782","$576,415"
935,Leaky Black,,,,,,,,,"$559,782","$576,415"
936,Adama Sanogo,,,,,,,,,"$559,782","$576,415"
937,Emoni Bates,,,,,,,,,"$559,782","$576,415"
938,Malcolm Cazalon,,,,,,,,,"$559,782","$576,415"
939,Jermaine Samuels,,,,,,,,,"$559,782","$576,415"
940,Nate Williams,,,,,,,,,"$559,782","$576,415"
941,Isaiah Wong,,,,,,,,,"$559,782","$576,415"
942,Oscar Tshiebwe,,,,,,,,,"$559,782","$576,415"
943,Jordan Miller,,,,,,,,,"$559,782","$576,415"
944,Colin Castleton,,,,,,,,,"$559,782","$576,415"
945,Jaylen Clark,,,,,,,,,"$559,782","$576,415"
946,Keyontae Johnson,,,,,,,,,"$559,782","$576,415"
947,Terquavion Smith,,,,,,,,,"$559,782","$576,415"
948,Jalen Slawson,,,,,,,,,"$559,782","$576,415"
949,Jordan Ford,,,,,,,,,"$559,782","$576,415"
950,Filip Petrusev,,,,,,,,,"$559,782","$576,415"
951,Markquis Nowell,,,,,,,,,"$559,782","$576,415"
952,Onuralp Bitim,,,,,,,,,"$500,000","$514,856"
953,Jules Bernard,,,,,,,,,"$415,011","$427,342"
954,Drew Peterson,,,,,,,,,"$395,708","$407,466"
955,Nathan Mensah,,,,,,,,,"$395,708","$407,466"
956,Henri Drell,,,,,,,,,"$389,274","$400,840"
957,Alex Fudge,,,,,,,,,"$376,405","$387,588"
958,Trey Jemison,,,,,,,,,"$341,017","$351,149"
959,Tosan Evbuomwan,,,,,,,,,"$295,977","$304,770"
960,Jaylen Martin,,,,,,,,,"$249,766","$257,187"
961,Pete Nance,,,,,,,,,"$244,503","$251,768"
962,D'Moi Hodge,,,,,,,,,"$241,285","$248,454"
963,Charles Bediako,,,,,,,,,"$215,548","$221,952"
964,Dexter Dennis,,,,,,,,,"$212,331","$218,640"
965,Adam Flagler,,,,,,,,,"$205,897","$212,015"
966,DJ Carton,,,,,,,,,"$205,897","$212,015"
967,Mouhamadou Gueye,,,,,,,,,"$199,463","$205,389"
968,Miles Norris,,,,,,,,,"$193,028","$198,763"
969,Pat Spencer,,,,,,,,,"$170,508","$175,574"
970,Sir'Jabari Rice,,,,,,,,,"$167,291","$172,261"
971,Andrew Funk,,,,,,,,,"$160,857","$165,636"
972,Jaylin Galloway,,,,,,,,,"$141,554","$145,760"
973,Matthew Hurt,,,,,,,,,"$128,686","$132,509"
974,Maozinha Pereira,,,,,,,,,"$128,685","$132,508"
975,Malik Williams,,,,,,,,,"$77,212","$79,506"
976,Omari Moore,,,,,,,,,"$75,000","$77,228"
977,Taze Moore,,,,,,,,,"$70,687","$72,787"
978,Timmy Allen,,,,,,,,,"$64,343","$66,254"
979,Jalen Crutcher,,,,,,,,,"$64,343","$66,254"
980,Izaiah Brockington,,,,,,,,,"$64,343","$66,254"
981,Taevion Kinsey,,,,,,,,,"$64,343","$66,254"
982,Kaiser Gates,,,,,,,,,"$35,389","$36,440"
